"TCGA-OR-A5J2-01A-11R-A29W-13"	"TCGA-OR-A5J3-01A-11R-A29W-13"	"TCGA-OR-A5J6-01A-31R-A29W-13"	"TCGA-OR-A5J7-01A-11R-A29W-13"	"TCGA-OR-A5J8-01A-11R-A29W-13"	"TCGA-OR-A5J9-01A-11R-A29W-13"	"TCGA-OR-A5JA-01A-11R-A29W-13"	"TCGA-OR-A5JP-01A-11R-A29W-13"	"TCGA-OR-A5JR-01A-11R-A29W-13"	"TCGA-OR-A5JS-01A-11R-A29W-13"	"TCGA-OR-A5JT-01A-11R-A29W-13"	"TCGA-OR-A5JV-01A-11R-A29W-13"	"TCGA-OR-A5JW-01A-11R-A29W-13"	"TCGA-OR-A5JY-01A-31R-A29W-13"	"TCGA-OR-A5JZ-01A-11R-A29W-13"	"TCGA-OR-A5K0-01A-11R-A29W-13"	"TCGA-OR-A5K1-01A-11R-A29W-13"	"TCGA-OR-A5K3-01A-11R-A29W-13"	"TCGA-OR-A5K4-01A-11R-A29W-13"	"TCGA-OR-A5K5-01A-11R-A29W-13"	"TCGA-OR-A5K6-01A-11R-A29W-13"	"TCGA-OR-A5K8-01A-11R-A29W-13"	"TCGA-OR-A5KO-01A-11R-A29W-13"	"TCGA-OR-A5KU-01A-11R-A29W-13"	"TCGA-OR-A5KW-01A-11R-A29W-13"	"TCGA-OR-A5KX-01A-11R-A29W-13"	"TCGA-OR-A5KY-01A-11R-A29W-13"	"TCGA-OR-A5KZ-01A-11R-A29W-13"	"TCGA-OR-A5LD-01A-11R-A29W-13"	"TCGA-OR-A5LG-01A-11R-A29W-13"	"TCGA-OR-A5LH-01A-11R-A29W-13"	"TCGA-OR-A5LJ-01A-11R-A29W-13"	"TCGA-OR-A5LK-01A-11R-A29W-13"	"TCGA-OR-A5LL-01A-11R-A29W-13"	"TCGA-OR-A5LN-01A-11R-A29W-13"	"TCGA-OR-A5LO-01A-11R-A29W-13"	"TCGA-OR-A5LP-01A-11R-A29W-13"	"TCGA-OR-A5LS-01A-11R-A29W-13"	"TCGA-OR-A5LT-01A-11R-A29W-13"	"TCGA-OU-A5PI-01A-12R-A29W-13"	"TCGA-PA-A5YG-01A-11R-A29W-13"	"TCGA-PK-A5H9-01A-11R-A29W-13"	"TCGA-PK-A5HA-01A-11R-A29W-13"
"hsa-let-7a-1"	45441	36021	35456	36551	23048	74906	21089	53478	31601	58017	50574	19780	106420	14735	67515	58206	42197	33741	107402	27422	12049	48416	83303	20204	57643	62060	57704	49618	38382	78136	61619	25178	74000	59265	65969	58790	15939	42156	39283	48579	29299	156685	76212
"hsa-let-7a-2"	90039	71631	70886	72451	45826	150297	41493	106809	63008	116535	100735	39133	211703	29494	134509	114873	84884	67280	214244	54686	23512	96596	165632	40120	115066	122751	115117	98974	75968	155761	122923	50010	147582	117895	131445	116836	31722	83865	78448	96356	58723	313142	150830
"hsa-let-7a-3"	47085	36134	36090	36460	23576	75803	21377	54159	31284	58480	50458	19985	106447	15228	68000	57869	42885	33318	108282	27965	11916	48509	83030	20314	58339	63307	58945	51463	40153	78984	61763	25417	74575	59465	66515	58462	16118	42304	39672	48876	29529	159119	76124
"hsa-let-7b"	114703	54498	42221	37305	25341	65348	51419	41611	30606	59581	52060	21680	78221	3776	74865	68308	40628	16671	107379	19476	37299	27860	69776	34727	58165	80903	60115	46767	36754	109082	40049	16180	60998	59234	39726	73439	15262	35974	26542	45994	25447	99748	65819
"hsa-let-7c"	16927	3799	22055	689	11846	12977	4046	8014	15937	3561	24356	1653	12732	1767	24898	698	7629	6092	26824	2112	1363	2464	3511	1730	6561	1595	4196	12942	977	17906	5450	1565	12115	17669	6182	3213	2874	1594	17766	5043	4374	31304	910
"hsa-let-7d"	12859	2040	3500	7599	7950	7980	6156	8701	5583	1950	2857	6668	1877	376	7373	7127	4093	6055	8909	731	2079	4958	4821	2346	3132	9196	9257	7845	14705	5728	1223	1691	4892	2232	5195	5073	2548	2869	4135	4028	4094	5358	11837
"hsa-let-7e"	14058	16222	23079	12465	15754	71864	7182	38179	33071	14236	27917	16900	38600	15250	34940	12607	16451	51314	54114	30659	2157	27654	33019	12729	63947	27772	32238	20462	28166	27511	21556	11502	36233	16913	40467	34464	16126	16060	43109	27790	25238	63258	39260
"hsa-let-7f-1"	144	240	149	131	175	398	132	373	132	223	186	82	575	41	427	596	257	215	513	44	65	317	426	185	359	253	264	319	263	384	188	293	185	213	188	457	86	201	251	380	150	288	193
"hsa-let-7f-2"	28947	67989	57189	78827	55341	181598	22394	106360	62920	95205	84265	23483	249086	13543	129668	100532	69513	131942	173025	12951	8468	121055	167536	42510	109950	83014	98751	93568	70227	110818	80017	81304	110482	89475	111530	227179	31126	87380	115885	127626	65491	204678	109264
"hsa-let-7g"	12809	2692	4331	3877	3859	5522	2927	3136	5712	5167	3226	5422	5619	771	4985	6530	3529	6347	6530	1882	3291	3911	2728	3515	3417	4429	4400	5110	6544	5575	4258	2609	7504	4225	8645	6901	3087	2379	5549	3423	7740	7115	9626
"hsa-let-7i"	4840	2703	888	1751	7111	3452	2616	2054	2499	1495	1306	1794	1189	303	2295	1900	1775	3107	3786	496	762	1220	1207	2344	2341	2152	2048	2457	2766	1597	1179	1676	1332	1238	1468	4312	1084	1154	1586	2021	1637	1465	1549
"hsa-mir-1-2"	35	6	12	24	6	45	37	16	14	12	15	7	24	10	3	17	14	32	19	11	5	20	42	21	19	14	25	9	17	18	15	47	17	20	17	147	56	1	8	67	40	235	33
"hsa-mir-100"	70880	10583	647	532	12883	3231	3058	5000	29352	3503	5151	1465	8211	4687	1358	1277	1841	2704	167	9126	3403	5069	3614	8443	3684	220	6583	1219	1234	4837	2984	1677	3052	12549	1561	9566	4703	911	425	11102	14638	5602	2330
"hsa-mir-101-1"	80542	37945	59884	33807	22106	67872	50768	16365	54514	42451	27725	80171	93130	17346	25535	58056	32967	60486	55851	8448	25224	73164	32755	24963	30975	35718	35108	9548	33497	40838	68040	29214	59888	51139	91270	145616	30309	88242	42626	65226	85304	169075	87321
"hsa-mir-101-2"	434	197	293	148	187	170	353	121	321	215	266	349	564	152	336	102	495	704	682	44	55	481	470	215	281	440	201	80	328	366	522	266	577	292	693	576	343	358	411	383	954	722	468
"hsa-mir-103-1"	60623	80960	27048	50045	49169	284628	56547	115776	48896	57322	29756	73322	125057	81661	86712	49073	84530	76103	57934	26846	43689	80964	106811	43667	58745	119580	112391	174583	124287	113928	67918	62092	103808	73985	161922	123583	76868	114143	53439	150687	127674	83162	66193
"hsa-mir-103-2"	40	35	37	43	53	179	68	111	35	29	29	51	76	77	133	25	120	99	114	14	43	74	103	57	69	114	72	176	83	174	46	42	71	51	89	57	63	210	48	78	81	52	41
"hsa-mir-105-1"	19	1	0	5	19	0	138	14	64	0	163	8	1	309	8	290	122	1	333	4	7	5	1	1	119	5	6	2	2	4	0	1	1	0	1	1	0	3	109	1	1	1	0
"hsa-mir-105-2"	26	3	1	2	15	1	154	5	63	0	167	9	1	283	10	300	138	5	389	5	5	2	0	0	124	5	9	1	1	4	2	1	0	0	1	5	1	3	109	1	1	1	3
"hsa-mir-106a"	15	16	11	37	75	88	17	13	10	16	14	11	10	16	7	17	7	49	15	11	20	10	19	40	5	34	8	31	32	10	84	14	18	11	21	37	9	57	15	23	7	21	11
"hsa-mir-106b"	2059	845	680	3470	1814	1663	4979	879	1348	2702	631	1247	1155	3265	585	1904	963	1426	999	470	2058	1643	1490	837	989	2000	2283	5585	2884	1135	1135	754	1221	866	1283	1141	576	1372	608	524	1059	1138	1212
"hsa-mir-107"	179	355	52	145	79	486	131	174	85	343	47	118	575	130	99	346	95	144	68	68	268	221	184	106	157	110	294	150	147	160	216	155	90	270	290	322	107	402	77	458	294	292	109
"hsa-mir-10a"	502523	77898	47343	135398	142486	86335	147265	136115	22910	43192	10523	82020	193193	116199	9304	439437	120157	72608	55444	132863	109547	152242	156845	57708	52977	134617	239072	40100	27840	252057	63293	28353	37219	194972	36638	221698	86776	100440	44332	125332	153476	128195	92270
"hsa-mir-10b"	4072640	492364	1193450	792864	901770	802862	714912	1167018	827916	1205042	567921	963344	741512	518185	106183	1039523	1151628	938387	1011308	541440	772156	1555551	671889	659914	1270859	1217423	831396	614403	2944704	2409804	393125	510386	1009172	1461839	581233	1264186	756464	1047483	1449542	1168767	850028	1412842	541355
"hsa-mir-1179"	1	0	1	2	0	2	11	8	1	2	0	0	7	5	2	2	3	1	0	1	5	2	0	4	6	2	5	5	5	0	9	0	1	2	4	9	1	4	0	1	0	0	0
"hsa-mir-1180"	204	278	167	122	149	139	285	132	349	449	154	173	101	269	274	202	334	314	409	58	207	91	236	212	254	488	280	369	519	151	118	26	97	88	396	421	77	81	777	114	100	124	156
"hsa-mir-1185-1"	1	43	52	25	10	0	65	33	0	32	0	1	1	0	1	0	0	25	112	12	25	0	69	2	95	54	0	63	100	11	1	15	1	4	36	60	0	51	10	14	0	87	2
"hsa-mir-1185-2"	0	15	29	9	3	0	25	17	0	17	0	1	1	0	0	0	0	13	47	5	14	0	28	1	27	19	0	22	39	7	0	6	1	3	19	32	0	24	5	7	1	17	0
"hsa-mir-1193"	0	13	1	4	0	0	9	3	0	0	0	0	0	0	0	0	0	2	8	1	7	0	7	0	1	2	0	4	2	1	0	4	0	0	2	6	0	4	0	1	0	2	0
"hsa-mir-1197"	0	13	21	36	9	0	71	39	0	24	1	0	0	0	0	1	0	5	21	18	2	0	50	0	83	19	0	74	64	5	0	3	1	0	14	82	0	26	3	1	0	50	0
"hsa-mir-122"	0	0	5	19	2	8	10	0	0	33	1	0	21	4	0	1	0	1	2	1	4	7	6	0	6	0	2	0	0	0	0	0	0	5	1	106	2	6	0	0	1	126	1
"hsa-mir-1224"	50	112	1	21	1	219	2601	10	190	44	54	177	146	26	698	20	112	460	1031	30	27	62	235	366	731	6	2038	115	308	395	192	13	94	39	175	2512	24	29	396	597	165	9	14
"hsa-mir-1226"	81	7	29	7	20	16	6	53	19	3	9	20	1	21	6	6	3	15	11	38	4	4	2	2	11	45	17	47	218	4	0	1	13	2	5	15	8	4	12	2	2	24	14
"hsa-mir-1228"	6	7	6	8	112	14	2	11	22	1	9	8	1	13	12	6	6	4	16	5	2	2	1	14	7	1	6	3	72	2	1	1	10	2	16	24	0	8	69	0	0	6	13
"hsa-mir-1229"	34	7	40	21	7	17	5	119	36	22	8	16	3	91	21	12	4	8	28	102	12	2	2	27	34	89	23	9	40	3	8	5	13	1	12	171	7	14	14	9	7	6	24
"hsa-mir-124-1"	0	0	0	0	0	2	1	0	1	0	0	0	0	1	0	0	0	0	0	6	0	3	1	1	1	0	1	0	10	0	2	3	0	0	0	34	0	0	0	16	1	0	0
"hsa-mir-124-2"	0	0	1	0	0	1	0	0	1	0	0	0	0	0	0	0	0	3	1	3	0	1	0	1	1	0	0	0	1	0	5	0	0	0	0	21	0	2	0	5	1	0	0
"hsa-mir-124-3"	0	0	0	0	0	3	0	0	0	0	0	0	0	0	0	0	0	2	0	5	0	0	0	0	0	0	1	0	4	0	2	2	0	0	0	25	0	1	0	4	0	0	2
"hsa-mir-1245"	13	0	0	1	132	0	2	2	1	2	0	2	1	2	0	1	5	1	0	0	0	2	6	3	1	0	6	58	1	2	0	0	15	0	1	3	1	1	1	4	2	0	4
"hsa-mir-1247"	42	5	3	2	0	9	33	14	49	5	68	8376	6	1	3	7	2	3	31	1	14	2	1	11	3	1	103	2	24	11	12	9	41	21	133	17	61	1	0	53	7	132	0
"hsa-mir-1248"	25	9	0	3	6	8	16	16	12	3	3	3	7	83	5	15	12	53	7	148	3	4	5	12	14	22	8	526	35	3	7	6	8	4	7	50	3	7	6	17	8	4	7
"hsa-mir-1249"	9	7	3	6	6	3	7	5	7	6	0	5	4	3	2	14	1	3	2	2	19	10	0	4	2	2	18	0	5	5	2	5	19	12	6	2	2	5	16	4	9	2	5
"hsa-mir-1251"	12	13	0	1	1	12	3	57	1	0	1	8	0	45	0	159	2	16	1	57	2	0	1	8	4	0	1	60	1	0	10	3	61	0	0	7	0	2	4	0	0	0	10
"hsa-mir-1254"	8	11	10	5	5	5	11	50	9	17	10	7	17	35	26	8	14	8	14	7	8	4	8	0	7	14	9	25	15	7	1	9	5	1	6	28	6	14	3	4	14	3	3
"hsa-mir-1255a"	9	0	3	1	11	2	3	9	1	2	2	1	1	3	5	2	0	4	7	0	1	0	2	2	0	2	16	9	6	1	0	0	2	2	0	2	3	1	2	2	2	1	0
"hsa-mir-1258"	0	1	88	0	2	0	4	0	34	0	30	15	7	7	38	2	11	7	68	0	0	5	25	2	0	0	0	29	1	0	7	0	76	1	33	0	22	1	33	1	34	21	45
"hsa-mir-125a"	31515	14525	8299	6580	7076	33505	16877	15754	31461	8036	11190	26854	30397	4809	19621	10137	16725	37084	32125	7973	8111	33551	14267	13940	38483	21409	29819	7574	23159	24861	8872	6989	21244	13159	33995	26953	19067	17085	28191	39692	33428	16401	21410
"hsa-mir-125b-1"	19771	2286	4055	173	6870	5556	1685	2181	10000	3767	11294	3798	5988	1416	7718	269	4163	7519	6361	2783	930	3892	950	3519	3571	248	2156	1242	925	9861	2194	352	4482	6443	7120	1322	6025	419	24895	3164	7787	5088	407
"hsa-mir-125b-2"	259	76	112	6	87	87	48	56	152	39	159	35	131	51	159	11	59	163	204	12	15	30	20	40	56	6	51	121	7	121	64	3	125	140	157	24	186	19	811	50	125	329	4
"hsa-mir-126"	65076	16523	16710	17263	28959	22210	22284	15852	21208	22533	6547	22545	21127	9990	11020	5454	24562	13371	13911	9880	22198	15841	13148	19405	11183	27715	17224	24754	18150	19536	10852	6338	21018	29622	27684	30391	10855	21023	4955	13292	27756	50410	45417
"hsa-mir-1262"	9	3	1	4	15	4	20	18	3	5	2	1	10	9	0	17	5	6	5	3	1	15	3	1	8	7	16	8	13	2	1	3	1	3	2	1	9	0	7	0	2	6	2
"hsa-mir-1266"	18	5	2	5	2	1	27	13	4	30	13	6	10	20	34	13	19	8	34	4	2	2	1	4	3	19	13	7	2	4	4	1	10	6	6	16	6	5	2	8	24	3	1
"hsa-mir-1269"	1257	0	12	20	11	3	5180	23	11	10	12	2819	2	35131	23	2522	25	16	36223	1023	19	16	71	10	4	18137	11	2840	21	4	2	3	17	6	3	5	14	23	6	9	116	7	27
"hsa-mir-127"	1389	158037	245159	91021	25298	205	118640	94812	595	87027	359	1143	1401	605	695	494	808	27203	182609	34199	95820	1146	91109	1169	277630	155958	1387	52529	82804	55959	678	32309	1760	21435	69163	382862	773	110454	10842	47785	738	100278	2445
"hsa-mir-1270-1"	6	1	0	51	4	0	27	4	4	5	5	5	2	3	12	0	1	9	2	0	0	11	15	0	0	0	4	41	22	4	3	14	1	2	2	6	6	5	6	47	4	17	33
"hsa-mir-1270-2"	1	0	4	53	1	0	30	8	7	5	0	3	3	0	5	0	1	10	4	0	1	6	13	1	1	1	3	36	32	4	2	10	1	1	2	6	4	1	8	61	5	13	39
"hsa-mir-1271"	45	29	12	4	19	5	4	2	4	10	2	13	8	2	7	3	2	8	5	5	1	1	1	8	1	1	10	7	10	14	1	5	6	0	3	9	4	1	0	5	4	13	6
"hsa-mir-1274b"	5	0	5	10	4	0	8	1	1	1	0	3	5	3	1	7	0	1	3	2	3	5	2	2	5	0	3	6	1	1	2	5	1	3	1	4	3	7	1	3	1	8	5
"hsa-mir-1277"	19	11	10	7	21	3	24	11	19	7	14	13	12	17	14	17	11	13	21	6	14	19	21	10	21	14	8	11	16	9	7	1	28	5	23	31	5	7	4	10	6	12	31
"hsa-mir-128-1"	462	432	162	579	189	522	540	810	252	365	195	327	365	312	5222	593	283	857	433	320	238	381	294	242	391	652	427	678	866	262	699	139	428	235	377	662	250	337	342	176	345	670	415
"hsa-mir-128-2"	304	305	115	432	102	383	407	598	175	279	131	182	244	241	2888	472	143	520	291	273	165	249	166	168	308	472	251	544	593	136	464	69	242	135	203	584	132	261	188	117	220	419	249
"hsa-mir-1287"	262	41	384	24	47	14	37	91	26	25	25	39	18	24	246	38	199	7	89	6	246	19	73	15	23	500	16	123	264	118	134	39	53	48	332	17	16	24	35	23	66	470	39
"hsa-mir-129-1"	22	66	1	6	7	22	1381	17	10	1	17	21	5	93	0	84	6	135	28	3	3	55	6	26	66	22	34	9	60	20	281	45	3	11	0	442	1	3	3	22	60	2	32
"hsa-mir-129-2"	37	50	0	12	10	25	1203	21	6	0	13	27	2	90	2	92	12	186	17	4	0	56	3	18	63	31	45	4	40	23	221	37	3	23	0	345	1	1	1	17	97	2	40
"hsa-mir-1291"	18	3	1	0	1	3	8	6	12	7	4	3	3	21	7	24	10	10	24	4	7	6	2	14	9	3	1	94	1	10	14	9	36	4	15	16	2	1	3	9	11	2	10
"hsa-mir-1292"	1	2	1	1	3	5	2	3	0	3	5	5	1	6	0	3	6	3	3	6	0	0	0	6	2	7	6	5	9	4	0	0	3	2	1	2	3	2	3	3	2	1	4
"hsa-mir-1293"	3	170	3	54	1	0	27	17	30	155	9	9	120	105	11	25	8	22	4	131	162	33	19	122	17	2	3	3	2	0	25	1	3	23	57	10	23	115	55	42	8	0	44
"hsa-mir-1296"	29	3	4	30	39	20	49	16	4	7	3	4	8	24	6	13	8	15	14	7	7	14	9	16	3	28	22	61	98	7	7	4	17	3	4	24	5	10	18	15	13	8	12
"hsa-mir-1301"	25	87	51	131	197	230	166	409	139	115	41	69	46	372	92	284	68	171	126	164	105	65	100	152	102	300	452	485	929	88	43	52	137	48	195	473	66	172	195	99	143	171	91
"hsa-mir-1304"	0	0	0	3	1	1	0	5	0	0	0	1	2	3	9	1	2	2	6	1	1	1	0	2	0	3	2	12	1	0	1	3	3	0	3	2	1	2	2	0	2	3	6
"hsa-mir-1305"	3	1	4	0	9	21	17	3	1	0	0	4	1	1	6	21	0	9	13	0	3	9	5	6	0	0	4	16	23	2	3	1	1	2	15	6	3	0	0	1	0	1	0
"hsa-mir-1306"	80	33	18	31	47	18	129	53	39	54	60	30	9	125	52	57	45	68	85	28	80	62	40	29	46	23	69	59	131	31	33	14	45	29	45	72	23	31	71	27	36	22	34
"hsa-mir-1307"	23074	6989	7127	18582	9372	17146	15885	23074	8480	5996	7729	6319	6290	12732	8546	10990	6172	10195	12205	14820	11068	10046	6392	4803	6966	13476	20441	13771	23185	10100	4317	4282	5436	9177	10533	15943	3051	6982	9940	4195	5278	15472	8811
"hsa-mir-130a"	567	260	45	539	489	169	513	292	54	488	40	118	96	154	159	1300	169	138	237	136	587	141	284	308	158	1048	365	270	1792	370	123	82	35	165	43	473	49	281	53	232	47	305	152
"hsa-mir-130b"	217	40	24	103	130	24	196	43	28	140	24	79	21	64	26	105	34	44	66	32	100	61	75	65	58	55	147	162	118	27	22	35	26	27	29	113	13	47	35	35	20	18	48
"hsa-mir-132"	724	1071	142	650	1073	593	1510	650	699	612	118	453	822	528	569	645	399	688	1341	516	230	883	721	579	966	217	872	793	601	452	555	388	489	734	509	2090	465	419	633	977	499	914	500
"hsa-mir-133a-1"	38	5	5	7	5	10	88	1	3	4	5	16	3	4	2	21	6	4	7	6	20	3	4	11	5	6	19	4	9	10	5	13	4	5	10	29	16	1	2	24	12	30	11
"hsa-mir-133b"	19	1	0	1	0	0	15	0	0	0	0	14	1	0	0	2	0	0	0	0	14	0	0	0	0	0	1	0	0	0	0	0	0	1	0	1	0	0	0	0	0	1	2
"hsa-mir-134"	407	41173	16986	17666	9792	47	52433	17190	144	40581	97	244	366	285	188	139	203	3775	33482	13019	71468	304	32265	332	42379	18292	392	19926	29999	15006	137	13581	587	9153	11195	38355	172	21370	3605	9963	133	12811	378
"hsa-mir-135a-1"	129	37	5	39	0	24	21	43	12	17	3	25	1	218	1	477	19	57	3	114	14	4	6	94	10	0	33	193	5	10	114	91	383	3	18	26	2	29	3	19	5	1	25
"hsa-mir-135a-2"	0	21	0	0	0	5	0	11	0	0	0	0	0	16	0	80	1	1	1	5	0	0	3	7	1	0	0	11	0	0	20	3	31	2	0	1	0	5	0	3	0	1	2
"hsa-mir-135b"	13	5	0	0	4	5	31	1	0	1	0	1	0	1	0	1	0	0	0	2	2	0	0	1	0	0	1	102	187	0	0	0	0	0	1	6	0	0	0	2	1	0	0
"hsa-mir-136"	245	10965	28456	7306	2086	14	10682	6735	41	6278	17	103	106	55	33	31	44	1761	12046	3200	10103	64	9861	132	17930	5528	126	2343	6407	4722	58	3352	99	2660	4699	34554	54	12186	964	8421	35	10556	189
"hsa-mir-137"	2	0	0	1	12	105	0	1	73	0	6	19	5	5	0	0	1	30	156	0	0	0	0	1	2	0	1	0	0	0	103	0	330	0	206	1	9	1	1	21	22	1	1
"hsa-mir-138-1"	160	7	1	1	0	34	0	1	4	0	11	36	0	10	2	4	5	17	1	1	5	1	0	9	4	2	7	1	2	0	9	1	44	1	0	4	0	10	7	56	15	3	2
"hsa-mir-138-2"	108	5	1	3	0	19	3	1	2	1	5	24	0	4	0	3	8	7	1	2	2	3	0	10	4	1	8	1	1	1	4	3	17	1	0	2	1	2	4	51	7	6	3
"hsa-mir-139"	77966	4052	1480	6130	522	56463	356	2149	347	21041	273	378	3283	69909	258	15728	742	118	409	24552	20357	1267	2479	14570	2628	768	21216	422	8662	1924	1768	3446	432	6569	823	16967	522	16642	113	16716	1420	4333	510
"hsa-mir-140"	15344	10485	7873	7008	5149	10281	17907	5680	13821	11545	14967	12509	30352	7814	21947	6430	23332	40726	68668	2912	4059	17493	14866	7367	11338	11758	10114	11887	58795	23207	10190	4043	15083	12141	20510	14995	19230	12650	9650	11429	32337	24837	14163
"hsa-mir-141"	312	16	13	10	46	0	82	18	4	58	4	39	16	73	22	69	16	15	24	12	29	18	1	26	43	47	77	22	9	2	19	10	6	12	6	10	7	21	27	14	6	29	11
"hsa-mir-142"	4979	1201	1694	1570	7722	470	1863	597	3027	1039	425	12621	1831	2617	1692	1046	1430	2849	775	2356	4928	1111	1090	3331	902	750	2093	895	278	2200	2670	1462	5643	1598	7045	1138	1858	2608	627	1458	12188	2128	7359
"hsa-mir-143"	141207	98616	34234	98888	88862	123994	311392	40450	67270	94298	83275	165561	155411	60426	43795	44100	215766	106098	74089	37840	47338	94920	135379	120148	83945	380085	117684	194582	133119	55282	113071	97860	68303	77711	81921	236960	118078	63627	28239	123330	198165	405403	212866
"hsa-mir-144"	246	915	982	1350	3857	198	558	227	249	389	85	126	560	546	443	1151	342	4213	220	201	1799	210	594	1188	558	93	89	655	155	187	6036	83	527	415	851	1898	209	5337	166	40	305	789	134
"hsa-mir-145"	15439	3893	1531	3439	7463	5063	22512	2723	4719	5066	2124	11742	7739	3072	2970	2464	20566	2671	4759	880	4740	5268	6504	5597	3095	17187	7064	4743	11244	4513	3846	3726	3569	5145	2847	12566	4613	2401	1303	12226	17443	11460	6022
"hsa-mir-1468"	269	133	90	23	9	282	1066	101	429	94	54	147	239	49	30	77	81	426	153	22	88	586	190	133	322	328	65	567	2207	55	269	158	386	56	239	1009	119	149	49	107	237	138	323
"hsa-mir-146a"	144	21	52	14	283	9	38	28	154	36	16	541	38	132	62	24	39	96	54	2	17	26	16	34	9	46	34	36	10	30	81	34	528	20	259	34	97	49	26	33	380	158	254
"hsa-mir-146b"	2775	1308	415	368	11853	164	1268	762	767	1435	245	1432	917	1509	754	706	459	909	521	618	677	523	1369	1559	1151	1095	2530	705	228	1266	698	495	2310	1367	1026	1588	802	262	281	919	1336	465	1745
"hsa-mir-148a"	365127	423738	99996	115635	41471	72629	375820	293609	193253	587271	171914	277853	170722	129018	144785	1178015	203482	95499	366117	355570	276008	236206	134968	238578	398422	663507	283111	144354	318526	187530	58612	257888	346804	313647	177337	608718	233450	220913	148451	334754	579617	75041	23488
"hsa-mir-148b"	2006	719	699	964	452	1347	1763	718	1410	915	1205	1002	717	2619	2032	746	1456	1642	2086	791	318	667	437	1037	1284	786	801	1139	1423	618	1684	308	1099	413	2183	1986	779	868	851	474	799	1118	1339
"hsa-mir-149"	1381	102	322	144	564	193	594	100	527	146	891	173	70	394	619	772	570	196	391	2465	466	359	332	146	290	1149	1120	737	1538	404	99	152	98	25	109	116	35	164	175	191	222	308	100
"hsa-mir-150"	1336	57	761	62	930	135	156	134	482	627	135	700	372	63	150	79	305	251	155	45	332	170	79	175	104	243	154	297	177	370	599	125	1739	262	1948	176	435	297	53	180	2972	449	1132
"hsa-mir-151"	7427	6043	3369	4487	4125	11488	7739	13647	5827	10654	5589	4116	8723	5895	9041	8392	6290	5613	9229	3136	4828	6873	7342	3403	8575	6246	8022	15512	7873	5215	5971	2118	5051	5883	11252	11005	4585	5098	4738	3663	6104	13349	9048
"hsa-mir-152"	1526	71	761	145	890	78	184	201	411	1917	61	95	149	601	884	96	232	79	414	409	392	107	1048	650	142	96	289	723	300	401	906	139	613	738	646	1176	90	660	2400	265	1104	1676	211
"hsa-mir-153-1"	5	71	5	1	3	34	281	3	8	3	0	16	2	1	3	0	2	0	1	18	4	343	507	5	8	4	58	2	63	0	36	84	0	1	1	112	0	59	0	67	0	1	2
"hsa-mir-153-2"	249	1971	56	65	15	1058	5723	157	30	20	6	293	37	15	11	3	26	10	11	405	23	10049	9132	72	156	19	2097	65	577	21	263	2251	14	19	23	1504	15	1719	4	2163	43	87	77
"hsa-mir-154"	21	1823	1668	971	309	1	1757	744	6	690	2	19	14	13	3	4	6	225	4508	400	577	5	2069	17	2161	1018	11	717	1098	529	11	346	15	219	488	2025	8	1621	111	575	6	1282	14
"hsa-mir-155"	566	127	64	189	1448	104	351	138	253	279	83	547	173	484	161	81	156	487	136	179	201	175	307	4837	205	211	339	286	54	177	185	166	624	186	454	183	407	92	53	204	605	183	576
"hsa-mir-15a"	596	651	488	489	1241	754	585	503	836	1431	239	699	1329	592	800	143	825	1202	634	130	774	1335	1346	361	681	914	831	836	756	1609	752	337	1092	1660	2541	733	916	926	894	896	1356	1522	968
"hsa-mir-15b"	1660	689	272	982	899	984	1527	667	962	3647	189	1596	2083	873	682	1939	701	1143	995	276	1099	2571	2253	893	346	648	1742	1586	2917	1687	575	1179	2304	996	1158	1287	499	2148	686	1915	962	540	574
"hsa-mir-16-1"	2009	1047	713	1094	3409	1097	1162	623	1414	2638	248	1448	1964	725	860	1719	1082	1951	821	228	2758	2490	2143	1774	841	1270	1608	1349	1922	2822	1367	901	1850	2920	2587	1261	778	2560	892	2156	1773	1399	1712
"hsa-mir-16-2"	142	27	20	90	164	36	152	53	39	105	6	71	65	43	38	76	33	91	113	23	56	90	141	106	27	108	81	83	152	74	49	30	82	42	40	83	17	108	36	63	41	29	32
"hsa-mir-17"	2551	1030	635	788	1766	2821	2472	1408	724	1691	570	1264	1319	2006	942	1511	788	1407	1048	283	965	1792	1531	769	1271	1869	1138	3243	921	1248	1636	769	1018	1292	1549	1516	883	1318	803	802	1563	1801	1413
"hsa-mir-181a-1"	56505	5053	10516	13172	16861	22630	18751	21397	27854	12966	31513	24864	18960	16779	17948	4803	20674	30100	45625	8719	6616	22843	11013	5160	11117	27865	10584	5749	11030	15418	12603	3108	13089	22464	52239	11730	19203	12610	15428	12285	34470	13400	24199
"hsa-mir-181a-2"	16298	1363	400	8762	8520	4650	7496	4957	6024	1923	1687	9908	7811	2452	2982	5383	3838	4397	3537	2467	5494	6391	4849	1563	4851	2453	13368	3037	1754	7842	1266	953	5733	7207	8347	2978	2222	4972	6827	12152	8966	4622	4975
"hsa-mir-181b-1"	6208	1352	1109	3117	3035	4754	4574	6174	3104	3364	3981	2893	3540	6430	4385	2083	2668	2579	5597	2580	2631	2910	1428	1054	2126	8006	2825	2355	2923	2798	2032	586	1581	4104	4462	2898	2465	2414	1524	4777	3449	1709	2511
"hsa-mir-181b-2"	211	24	30	120	188	133	144	249	114	90	86	101	122	186	143	50	113	138	206	82	125	95	64	43	43	406	115	98	91	167	51	12	133	192	299	58	86	138	104	169	133	51	158
"hsa-mir-181c"	1283	121	39	80	71	357	172	84	74	463	16	180	207	50	115	94	180	124	206	153	127	78	408	175	68	75	190	65	136	49	168	344	441	46	228	5375	317	321	213	410	206	478	1217
"hsa-mir-181d"	201	56	4	32	13	95	59	25	14	250	9	22	86	14	50	24	36	21	54	46	70	17	101	43	15	38	45	28	52	18	36	91	95	16	33	1617	119	78	54	194	42	64	99
"hsa-mir-182"	126587	11955	4576	120139	15030	38820	19019	223665	14702	422977	3233	100984	37010	109791	6192	742295	3791	7565	9930	226319	7099	3510	23694	12925	5986	5727255	79991	218285	52643	44964	15597	108632	106138	14391	73481	376097	16105	19684	1953	161089	62241	3749	114707
"hsa-mir-183"	61196	2764	1339	43639	2734	12785	5931	119738	5026	80989	997	26682	4756	62355	1726	198275	986	1179	3553	113473	1179	722	8654	3356	1885	2562123	23257	99283	26009	11199	3932	17196	36634	2298	29323	144148	3622	4019	461	24754	12950	1582	54838
"hsa-mir-184"	1119	541	31	2	135	0	748	31	14	16	11	2528	19	98	5	31	4	54	218	61	189	7	28	103	931	2	48	1615	1	7	6226	346	7271	40	24	133	2	34	2	6	60	2	4834
"hsa-mir-185"	298	328	210	441	391	178	588	166	175	1081	489	322	398	528	654	487	331	1401	867	117	356	304	390	266	400	331	225	361	566	217	806	226	559	245	560	1312	342	508	439	221	647	510	592
"hsa-mir-186"	1209	479	596	662	1860	953	2746	1342	1152	983	979	1058	970	1511	1902	450	1134	1299	3136	900	639	1073	854	719	816	575	1637	1995	2179	788	893	442	1370	463	1196	1165	721	549	784	802	2025	1059	1152
"hsa-mir-187"	51	1	0	12	9	32	3	8	7	1	5	2	0	1	0	5	0	0	19	1	4	1	1	262	1	1	21	64	7	0	7	2	39	0	2	13	0	1	2	1	4	0	0
"hsa-mir-188"	23	21	3	30	10	30	29	11	22	8	13	69	11	14	12	5	15	49	40	2	5	16	7	9	15	14	25	23	14	7	16	4	21	12	29	30	7	25	20	28	51	84	18
"hsa-mir-18a"	26	11	11	20	64	19	41	23	6	27	2	8	8	74	9	26	5	12	26	4	22	9	14	33	20	60	18	98	72	20	42	10	20	5	13	23	5	35	2	3	18	23	22
"hsa-mir-190"	15	11	30	7	39	3	8	6	5	10	4	13	18	3	4	29	9	19	16	3	19	8	4	13	17	3	12	3	2	2	39	3	10	5	17	23	2	16	1	10	5	48	3
"hsa-mir-1909"	0	0	2	1	0	0	1	4	0	0	0	0	0	2	0	1	0	1	0	0	0	0	0	0	0	2	0	14	1	1	0	0	0	1	1	2	0	0	1	0	0	0	0
"hsa-mir-190b"	4	0	0	3	4	0	5	6	1	1	0	3	1	2	0	1	0	0	3	4	3	1	1	3	2	1	0	2	3	1	2	0	2	4	1	2	0	0	0	0	1	0	2
"hsa-mir-191"	17103	2477	2451	3545	2986	3152	6488	3081	5362	6279	1582	7865	3035	3760	3411	7889	3626	2439	4061	2573	6137	3380	2036	3424	2009	6229	6059	2907	12792	4303	1545	2819	3549	3667	4931	5338	2083	3195	8336	3720	2378	2223	3638
"hsa-mir-192"	1513	2720	1228	7479	1681	432	9712	436	504	2112	336	2393	1679	2276	575	4717	1131	4261	1282	1121	2156	2112	825	3939	6543	1248	4669	571	723	344	581	839	763	1093	574	2557	748	6076	10654	1759	767	161165	1256
"hsa-mir-193a"	769	259	266	359	357	384	298	270	341	178	341	531	464	124	340	207	411	170	467	80	138	313	331	247	103	303	195	131	127	233	336	166	272	342	569	553	263	276	149	155	269	887	1007
"hsa-mir-193b"	428	1316	1282	485	158	1450	1583	150	2362	1945	393	1071	1630	526	1787	933	1131	1371	1966	352	430	1160	1348	698	1097	2144	1127	742	1497	1739	914	486	737	2390	1529	1271	643	1720	709	1354	1495	1537	2072
"hsa-mir-194-1"	152	467	264	880	250	166	755	112	94	346	106	270	308	400	119	603	203	1176	241	303	171	330	148	453	806	273	391	156	183	58	371	190	213	196	129	709	216	1019	1313	219	211	49413	262
"hsa-mir-194-2"	191	547	330	1162	324	177	943	147	107	453	111	279	379	532	134	666	245	1401	312	387	192	356	218	606	1116	418	477	174	210	76	359	247	243	254	167	817	221	1215	1760	266	259	57690	292
"hsa-mir-195"	217	549	23	28	20	34	116	54	24	68	7	15	101	15	1	819	19	13	17	12	645	79	263	272	163	15	112	28	53	51	42	52	102	106	511	189	61	27	12	120	292	197	47
"hsa-mir-196a-1"	54	165	3	725	86	861	2035	2663	6	1094	11	100	82	684	8	1777	22	246	98	536	35	301	118	830	558	343	427	17	1534	163	201	82	311	18	8	2055	2	157	17	141	20	82	32
"hsa-mir-196a-2"	13	60	2	111	23	198	744	1046	2	246	3	16	37	152	0	248	11	113	43	70	5	186	49	320	257	112	152	7	618	77	64	27	96	6	0	827	2	95	10	78	4	25	4
"hsa-mir-196b"	671	554	51	1479	505	699	798	4858	182	1040	19	223	2677	792	327	259	182	282	455	864	576	1353	1407	374	604	14229	1315	862	876	782	199	1066	494	271	20	2621	222	462	4	1035	440	73	69
"hsa-mir-197"	4388	963	1327	1897	4384	898	4787	1169	1053	1858	387	1293	1006	4334	1323	1144	665	1145	992	760	3164	1559	928	1092	853	1118	2344	1979	2475	584	1004	552	1140	538	998	1093	554	945	982	1149	1085	649	1340
"hsa-mir-1976"	45	48	80	55	62	108	37	43	35	23	2	123	54	116	8	85	17	42	17	19	45	19	22	19	34	76	48	35	51	21	37	19	45	18	65	72	23	59	47	22	123	17	25
"hsa-mir-199a-1"	7090	608	160	340	22498	289	1122	1172	321	1417	212	327	1444	188	167	381	361	194	386	475	446	905	1558	1380	519	175	2005	6819	3628	1312	924	411	419	2849	273	1558	850	127	80	3372	865	2039	966
"hsa-mir-199a-2"	10632	922	277	551	33732	412	1839	1833	461	1881	247	538	1938	306	257	537	514	299	466	812	706	1358	2352	2029	782	262	2979	9830	5315	1770	1402	651	588	3991	401	2290	1267	202	137	4647	1212	3347	1482
"hsa-mir-199b"	10119	938	281	635	39258	401	2022	1968	445	1645	239	604	1865	346	273	561	442	315	420	944	756	1558	2380	2080	798	223	3154	8223	5084	1459	1340	643	527	3449	422	2217	1135	247	139	3973	1196	3727	1781
"hsa-mir-19a"	218	64	30	50	175	103	201	63	29	103	29	83	54	121	45	64	28	97	88	17	149	114	88	72	86	108	48	127	75	86	132	64	50	67	79	94	37	73	45	48	62	75	60
"hsa-mir-19b-1"	28	22	4	5	18	22	30	16	12	8	9	12	25	14	10	18	9	10	24	5	15	38	19	5	18	17	19	35	10	15	14	12	7	17	13	24	13	11	7	19	21	24	17
"hsa-mir-19b-2"	531	236	157	163	702	448	640	216	138	378	78	244	243	298	165	309	151	237	254	82	344	408	294	308	293	592	231	423	379	432	491	289	272	281	269	497	103	234	170	282	288	308	294
"hsa-mir-200a"	25	16	3	0	1	2	11	395	9	16	1	25	1	1	5	211	3	3	5	0	1	1	8	4	3	3	11	37	444	2	4	7	4	9	5	0	2	1	0	0	9	709	3
"hsa-mir-200b"	13	8	3	3	5	3	12	314	1	17	2	17	6	0	5	154	4	1	8	0	3	5	7	2	6	0	6	28	206	9	1	8	18	8	8	3	1	0	0	6	10	726	9
"hsa-mir-200c"	875	66	133	46	244	8	256	144	32	327	15	132	57	287	68	290	51	54	106	58	141	63	24	76	165	412	208	121	30	39	122	38	53	67	44	40	31	36	48	51	33	126	53
"hsa-mir-202"	15989	18631	21577	51544	22	16535	15353	18204	8130	14059	4335	13747	34726	2158	5222	11136	8852	17353	19899	2234	12081	25522	9738	24963	9772	29487	50565	11610	61636	17401	27462	2393	6875	21922	3255	44514	2367	16231	1841	34398	8481	6386	422
"hsa-mir-203"	1107	833	179	469	80	438	2786	5705	3564	467	228	493	5860	26	2288	775	134	1115	10356	2677	870	3773	3835	2642	1690	270	428	46	145	360	1092	4286	4669	1045	3244	1242	765	2378	899	4023	196	229	18935
"hsa-mir-204"	2809	42	8	407	11	1378	1264	72	16	218	316	413	1034	756	446	1624	1157	566	700	870	593	1626	1459	1224	160	9	831	2327	3174	598	475	443	32	102	1735	861	214	376	3394	325	63	109	4
"hsa-mir-205"	8	1	0	0	0	0	7	0	1	0	0	15	0	0	0	0	0	0	0	0	9	0	0	1	1	0	0	0	0	0	0	0	2	0	0	0	0	0	1	0	4	0	0
"hsa-mir-206"	328	1	0	0	2	14	190	1	0	0	3	189	0	21	0	0	0	0	1	9	231	0	0	0	5	0	4	0	0	0	7	1	0	0	0	0	1	0	0	0	3	0	0
"hsa-mir-20a"	1402	421	330	382	946	1370	1108	663	469	1093	383	768	839	1325	556	886	445	1524	635	146	381	1031	728	506	411	832	557	1732	350	564	1391	286	737	893	1054	721	834	968	482	410	1158	850	1037
"hsa-mir-20b"	87	59	59	185	249	182	149	58	54	56	14	65	50	66	30	52	41	195	54	17	210	52	96	93	20	70	27	70	79	20	181	12	41	23	88	104	33	249	42	119	45	82	42
"hsa-mir-21"	771767	815634	113620	164526	894898	74762	463738	413249	172575	559757	256516	276408	329728	843267	388872	577563	274914	394888	200591	153325	224799	404416	350791	1458033	197133	240395	212390	257961	72413	382443	183145	124970	477541	407844	454752	399763	436205	78927	625853	397454	457467	431504	758945
"hsa-mir-210"	396	23490	1522	693	2613	224	43077	2828	3967	9020	2787	3121	7522	12529	18503	26450	912	6524	7498	17216	12050	3214	9567	15502	11597	12947	5849	6452	1846	3957	1005	163	395	925	1830	13803	1268	201	19387	1841	1977	776	648
"hsa-mir-2110"	6	6	7	18	6	22	7	38	9	17	8	5	28	25	14	13	3	14	12	19	7	25	25	9	15	13	18	12	37	9	14	13	15	28	13	28	3	6	23	61	11	18	11
"hsa-mir-2114"	10	4	13	1	0	0	171	0	9	1	3	9	3	4	3	1	0	11	14	3	12	10	10	28	5	5	8	4	1	6	3	5	35	28	33	4	7	0	9	3	8	0	56
"hsa-mir-212"	25	12	3	13	23	12	79	25	10	29	3	8	12	34	13	28	6	11	22	15	8	15	18	31	3	9	24	36	23	21	9	3	25	20	16	65	9	11	4	9	8	15	16
"hsa-mir-214"	107	13	7	5	1116	7	29	24	9	31	6	10	21	3	3	5	8	3	8	14	21	19	31	48	7	3	46	435	29	35	13	10	9	55	5	27	12	2	2	90	14	26	20
"hsa-mir-215"	71	33	70	57	31	6	78	112	92	44	18	5	17	59	8	81	4	22	18	343	20	23	14	21	82	4	42	8	8	8	19	6	8	10	46	37	8	82	12	8	6	420	197
"hsa-mir-216a"	12	0	1	1	0	0	0	4	1	4	234	1	1	174	17	0	9	3	55	4	2	0	0	3	6	1	3	1	0	1	0	3	3	1	0	1	4	0	0	1	1	2	0
"hsa-mir-216b"	0	0	0	0	0	0	1	0	0	2	196	0	0	224	31	0	14	2	42	0	2	0	3	0	0	0	0	1	0	0	0	0	1	0	0	0	0	0	1	0	0	1	1
"hsa-mir-217"	361	124	68	75	48	7	64	246	29	269	15036	131	14	12304	1716	8	830	235	2763	33	55	34	45	250	346	43	116	40	17	55	70	263	335	74	43	80	282	12	18	212	46	114	65
"hsa-mir-218-1"	9	12	0	0	5	146	4	68	0	19	1	0	15	2	1	116	0	5	8	5	56	8	3	4	1	11	29	27	54	2	10	0	0	25	0	1	1	31	2	51	0	2	0
"hsa-mir-218-2"	428	714	14	74	537	6640	1222	1854	127	592	183	67	470	708	362	3978	142	284	329	537	981	183	104	206	200	773	741	1295	2868	95	581	127	112	498	24	126	59	645	179	1408	129	61	36
"hsa-mir-219-1"	20	65	11	14	9	11	47	15	13	32	10	11	21	41	19	15	18	17	41	13	67	2	21	3	25	12	38	17	28	9	25	6	11	0	20	29	6	11	7	10	12	25	13
"hsa-mir-22"	1510974	1251826	585952	1243171	413419	558614	1048776	662563	989652	1328665	423043	868307	2301499	484687	951854	814959	742566	1425184	660077	209841	570526	1497173	633874	632237	777135	342208	1739846	243194	440492	977710	781225	352185	802462	2753979	1826128	1852698	1068409	1129795	1469599	1076957	1503863	1002301	468630
"hsa-mir-221"	183	44	107	81	1806	70	97	681	82	106	327	294	239	55	69	59	128	108	81	99	92	140	324	186	56	71	123	1387	50	112	137	101	242	131	543	174	106	60	40	175	382	328	181
"hsa-mir-222"	109	12	32	19	718	30	31	308	40	30	121	161	99	17	38	32	59	38	32	37	39	49	123	68	30	23	24	398	28	30	44	26	73	48	168	65	54	37	9	96	74	120	51
"hsa-mir-223"	459	159	412	615	1971	194	434	103	332	542	140	1393	526	524	213	164	287	304	268	126	342	98	233	632	190	271	200	330	55	538	818	159	1185	596	1240	777	216	577	78	232	672	622	462
"hsa-mir-224"	125	36	103	22	340	51	34	86	1470	35	515	21	22	11562	646	33	64	20	166	18	10	29	124	85	34	1010	47	49	36	136	27	22	594	385	629	74	130	22	451	66	32	1537	59
"hsa-mir-2277"	8	6	3	5	4	9	26	8	5	12	11	12	6	21	7	19	8	14	25	5	6	16	8	9	2	3	7	9	10	4	8	2	5	0	8	14	9	6	4	3	8	4	6
"hsa-mir-2355"	227	178	242	129	852	119	1109	116	534	103	97	345	178	235	671	98	238	210	390	97	160	440	342	316	193	234	622	366	213	232	151	43	360	106	426	193	360	81	333	157	370	390	522
"hsa-mir-23a"	85573	6095	6351	7360	13960	17210	17916	8108	9601	15117	6694	14844	28229	5516	15319	6295	4362	4550	8859	9367	13067	21663	12251	8054	14857	2924	34006	3761	3589	10355	3731	8616	9214	11141	32365	8548	18175	11739	16456	45211	28383	21826	22454
"hsa-mir-23b"	6764	1750	3059	3018	1636	1274	3673	1987	2071	2265	853	1356	2577	1158	1389	7114	1310	923	2684	1256	988	2092	2609	933	1071	2954	2212	1891	1857	2057	1065	833	1326	2963	3140	1895	1587	958	1729	2519	3892	28740	2999
"hsa-mir-24-1"	159	33	75	95	51	36	114	81	50	52	11	29	59	31	16	386	16	21	66	50	87	40	37	79	29	140	45	68	70	74	32	35	28	58	63	79	30	19	61	101	486	278	72
"hsa-mir-24-2"	12012	1502	2199	3247	3415	6416	6561	1890	1360	4347	1511	2095	3497	3004	1582	3991	599	1102	1756	4552	2246	1783	2330	4455	2559	2408	4654	3459	2272	1850	1569	1750	2026	2382	6538	2802	1877	2386	2153	4538	4356	8966	5370
"hsa-mir-25"	38057	23410	11359	60679	37144	29553	66451	20743	28977	43025	11476	24782	30790	57425	16389	36321	28549	57041	33307	8115	65238	58691	33328	20659	26562	44600	41653	119687	40377	21791	30305	22747	42136	21841	40791	36379	28973	34286	22549	27456	37822	21138	27903
"hsa-mir-26a-1"	24	7	6	3	17	2	3	3	3	5	3	3	4	3	3	8	3	6	7	0	0	8	2	5	1	4	6	12	2	5	2	4	6	7	8	3	6	2	6	6	11	14	1
"hsa-mir-26a-2"	23136	6650	13479	10298	10641	11258	15034	6401	12468	9536	4775	8561	19491	19865	11396	21320	12169	15251	20291	5975	6475	12576	5951	12734	7634	22893	8059	7788	10917	11423	15829	5098	16411	10132	15031	41680	6476	11940	8724	10955	17840	20536	20187
"hsa-mir-26b"	4471	1343	3775	3117	3160	1217	4824	1445	2141	2548	607	1859	1619	3272	1378	3641	1202	1386	1951	2094	3302	1438	1534	3429	1370	6934	2046	2337	6267	4587	1654	836	2683	1739	2424	3315	1289	1335	1567	1843	3272	2870	3378
"hsa-mir-27a"	15327	2074	1800	2228	3572	4735	8417	2036	1960	4819	1141	2212	5295	1821	2352	2883	750	1042	1588	3962	4244	3159	2776	5113	3660	1382	6761	1928	1328	2468	1197	2021	2510	2146	5852	3154	3118	3709	3147	11334	6885	4064	5318
"hsa-mir-27b"	4965	1950	2751	4158	1736	1290	6061	1658	1936	2507	615	1093	2156	1393	1050	12732	959	932	2161	1585	1787	1778	2013	1938	1029	3264	2215	2714	2125	2004	1257	1103	1190	1847	2300	2394	1168	1352	2057	2424	5197	16261	3379
"hsa-mir-28"	21109	9183	8946	11857	10635	6113	36045	8482	20476	13252	7185	10870	19765	11330	29018	8238	16937	16940	31056	5850	11646	22798	24135	8940	10326	21232	11705	11381	16745	13974	8595	8828	19156	12831	17208	18450	12381	7286	8004	16854	26984	22128	15565
"hsa-mir-296"	6	2	145	6	0	0	4	2	2	5	2	2	2	0	4	49	0	0	16	0	6	6	0	7	0	0	2	75	6	3	4	6	1	7	12	5	0	3	3	6	6	41	9
"hsa-mir-299"	13	718	709	516	270	1	922	643	3	624	2	8	3	4	3	2	6	290	1019	165	487	6	694	7	803	104	6	787	709	280	3	474	13	42	214	887	5	846	75	282	2	368	11
"hsa-mir-29a"	36725	22351	32282	15471	22312	21859	47865	7162	45516	25879	14504	58109	69507	16845	16319	21445	24691	36076	17987	4634	5521	46764	19454	58419	25333	20113	15051	8607	2111	27782	49905	17442	55830	34885	37926	117064	25391	48256	12896	48032	47396	44152	61631
"hsa-mir-29b-1"	4286	3872	3606	1177	3300	1365	4275	749	5189	6111	1827	11071	4260	3177	4233	1629	2973	2467	4413	509	2566	3274	1941	5798	3158	3010	2103	518	179	3869	3473	1501	4742	4701	3827	17817	2887	6093	1741	8497	6613	4169	8193
"hsa-mir-29b-2"	4842	4177	4127	1331	3304	1520	4687	816	5318	6814	2036	11900	4651	3465	4590	1793	3257	2776	4784	608	3315	3407	1975	6187	3560	3872	2302	532	263	4184	3882	1599	5140	5050	4062	18878	2910	6707	2046	8792	6756	4423	8341
"hsa-mir-29c"	8775	11270	10170	2846	816	3872	6792	707	5254	31664	3259	16306	18709	3523	4907	7249	3019	8841	7210	1020	16260	10698	3044	20659	11907	13097	2409	751	357	8782	12357	4570	13239	13246	15231	96075	5130	44751	7536	9749	12791	7036	19897
"hsa-mir-301a"	425	24	64	141	175	95	175	363	72	50	52	142	18	324	146	106	81	50	219	151	51	26	56	176	76	420	167	346	777	37	25	9	44	20	121	139	18	24	120	54	23	79	100
"hsa-mir-301b"	36	1	0	11	12	5	14	15	1	3	2	5	2	18	2	4	2	1	2	7	8	2	7	7	7	10	8	26	29	2	3	2	5	1	1	13	0	3	3	1	0	2	11
"hsa-mir-3065"	471	90	82	129	133	33	195	1355	29	286	79	32	42	862	53	2383	25	57	22	59	415	134	34	1024	959	635	74	152	407	26	608	108	71	43	46	481	29	91	322	55	60	29	76
"hsa-mir-3074"	68	19	7	59	129	58	320	50	56	45	26	105	84	206	82	19	78	80	165	22	21	137	86	41	56	46	197	227	209	60	11	27	82	23	83	55	40	57	124	83	60	24	191
"hsa-mir-30a"	201381	34181	101942	224912	40950	55019	68996	137189	116275	38915	51281	111789	90982	37226	41120	110513	60258	77082	163206	38232	26658	39516	29590	31132	34962	24977	51071	16773	68873	285768	54149	17124	208682	182052	114643	86968	103610	60020	84061	92778	295053	135856	67345
"hsa-mir-30b"	1220	1218	1864	1297	921	1898	2830	912	5198	2007	6636	3454	1579	1774	1576	1725	1862	1564	4137	828	1140	2367	2124	3464	1947	2622	1425	2041	3608	2305	2104	740	1841	2997	3660	2324	1005	1235	1153	1251	1727	3325	2494
"hsa-mir-30c-1"	5	5	6	8	1	9	6	4	10	6	6	9	5	5	5	5	5	12	13	3	1	5	6	0	6	4	12	24	5	3	0	2	4	9	12	10	4	3	7	8	11	13	5
"hsa-mir-30c-2"	5753	2443	2775	5373	3502	3642	4506	4014	7950	3172	3985	5677	3663	4245	5717	3488	5546	7193	11452	2060	1977	3848	3423	3038	2544	8305	5051	3510	10823	7814	3490	2011	7908	13422	5985	4560	3060	3318	4943	5445	7380	6407	4281
"hsa-mir-30d"	45148	31392	25466	32302	11219	59120	47211	32313	91801	40744	70642	93357	40363	41173	66403	24482	60676	61404	132663	13811	10952	42065	51929	20379	65723	32131	21799	36445	41804	30452	43046	12639	29755	31490	104843	36218	29545	26213	20896	22227	59329	95933	42902
"hsa-mir-30e"	178412	38738	41027	59179	38109	44809	83566	63455	120831	41649	41827	115991	67126	52313	69503	76815	83827	86246	126057	27514	67998	77277	38836	31843	42607	84702	96574	46298	129689	54988	38734	21054	69744	95508	83424	83935	49062	39169	45517	53903	101669	109625	61978
"hsa-mir-31"	3	1	1	0	163	0	3	0	0	0	1	1	0	64	0	0	0	7	0	1	1	1	0	2	1	1	0	0	0	0	1	0	3	0	1	0	0	0	4	2	1	0	10
"hsa-mir-3127"	13	14	14	27	17	8	20	38	9	5	12	7	10	44	14	21	15	15	29	14	12	8	19	8	7	22	19	46	55	5	1	4	8	16	12	17	10	5	3	4	6	10	18
"hsa-mir-3130-1"	8	4	7	3	7	4	18	9	1	16	3	3	14	3	9	39	0	13	3	8	17	14	4	10	14	12	16	7	11	5	4	0	7	0	7	29	7	14	3	3	2	0	8
"hsa-mir-3144"	1	1	0	7	5	10	15	1	0	0	0	3	9	3	0	4	1	1	1	0	0	0	0	7	0	12	0	14	0	0	0	0	0	0	4	3	1	0	0	0	0	0	0
"hsa-mir-3166"	18	0	0	0	0	1	0	1	0	16	0	2	0	7	0	0	0	0	0	6	2	0	0	2	1	3	1	2	7	2	0	5	0	0	1	4	0	0	0	0	1	0	0
"hsa-mir-3170"	62	6	5	10	11	6	29	20	1	9	1	3	6	9	2	30	2	7	2	9	8	24	12	8	28	9	57	8	21	7	2	13	3	4	1	27	3	2	0	14	3	0	1
"hsa-mir-3173"	2	3	2	1	5	2	11	2	1	6	0	4	2	2	4	4	1	1	5	0	5	1	1	0	3	2	3	2	7	0	1	0	0	1	2	2	0	1	0	1	2	3	0
"hsa-mir-3187"	2	0	1	0	0	1	5	2	0	2	0	1	1	4	1	0	1	0	0	0	0	0	2	3	1	4	6	3	6	1	0	0	0	1	2	4	0	2	2	0	0	2	1
"hsa-mir-3190"	5	1	0	0	1	1	0	5	3	4	0	5	0	4	3	4	0	2	1	11	6	0	0	12	3	3	6	2	0	1	1	0	0	1	1	0	2	2	2	6	1	1	1
"hsa-mir-3191"	4	3	1	0	3	0	4	1	1	7	1	11	1	2	3	5	2	4	5	8	5	3	3	3	5	1	7	1	0	1	3	3	1	1	0	0	1	2	5	17	7	1	0
"hsa-mir-3193"	4	0	0	1	0	7	0	0	3	0	0	0	2	0	0	0	0	0	0	0	0	0	0	1	0	0	2	5	6	0	0	0	0	2	11	1	1	0	10	1	0	0	0
"hsa-mir-3199-1"	1	1	2	1	5	0	6	2	4	1	1	0	2	0	2	4	1	1	5	0	4	4	3	5	3	2	0	1	2	2	1	0	0	0	2	3	1	0	1	4	4	1	2
"hsa-mir-3199-2"	1	0	2	0	3	1	1	2	0	7	1	0	2	3	1	2	1	1	3	0	0	0	1	0	1	1	5	2	4	1	1	0	1	1	0	3	1	1	1	2	1	1	0
"hsa-mir-32"	251	191	269	410	63	369	952	173	232	227	147	166	382	166	134	763	152	178	372	162	156	709	328	173	195	347	389	649	451	341	141	100	128	222	337	466	84	217	206	106	120	302	535
"hsa-mir-3200"	83	39	162	33	13	29	183	71	115	50	170	33	8	859	558	16	63	110	205	46	39	31	46	23	124	552	25	690	201	21	65	9	142	15	56	379	25	37	9	55	18	32	121
"hsa-mir-320a"	3917	4084	2890	2780	3425	7059	5582	6995	6305	4313	2342	3700	2503	4499	4043	9892	4277	1942	6941	1927	4099	2358	5947	2767	5591	7194	2914	10376	12273	4707	826	1823	3389	3046	3750	5131	1277	2137	1624	1361	2299	2860	2977
"hsa-mir-320b-2"	30	30	13	13	16	40	47	19	21	25	14	28	10	33	15	127	17	7	24	16	20	16	17	46	22	56	19	124	61	19	6	13	16	13	12	32	5	20	5	8	17	21	26
"hsa-mir-320c-1"	2	4	3	1	11	9	2	1	2	6	2	3	2	3	9	16	2	0	3	3	1	1	1	3	2	5	1	2	7	0	1	3	1	0	1	9	1	2	0	1	0	5	2
"hsa-mir-320c-2"	3	2	3	0	0	3	3	0	4	1	1	7	1	2	5	9	5	2	3	0	2	1	2	2	3	6	0	3	2	1	0	2	0	0	5	3	1	2	0	2	1	0	1
"hsa-mir-323"	7	2932	2176	2816	405	4	2904	2307	7	1249	4	8	7	13	10	2	7	517	3662	1216	935	6	2015	11	2957	2065	2	2079	2047	614	6	394	23	123	812	7773	10	2200	317	1051	9	2480	24
"hsa-mir-323b"	4	3398	4999	2917	474	1	3324	1733	9	1501	8	15	11	10	12	4	12	922	3846	829	1202	11	3112	4	6138	3316	11	583	2816	859	5	509	29	209	2445	13167	6	2620	481	964	11	3790	51
"hsa-mir-324"	810	214	238	341	415	895	431	519	405	518	238	614	120	393	351	437	213	232	628	332	520	137	125	241	265	343	698	804	1809	512	218	116	218	167	488	579	73	141	462	348	245	348	161
"hsa-mir-326"	7	1	7	20	11	3	18	1	5	4	0	3	3	5	1	2	2	1	3	3	4	4	1	6	1	2	8	3	3	2	6	3	6	1	5	14	1	8	5	11	4	6	9
"hsa-mir-328"	1293	970	966	289	267	1599	1267	425	3836	883	1143	2090	666	674	5552	614	1781	986	8814	546	2140	405	580	514	1410	673	1413	425	4496	777	410	140	406	522	1018	2080	451	1212	1668	2594	892	708	993
"hsa-mir-329-1"	0	81	88	120	41	0	288	129	0	41	0	0	0	0	1	0	0	27	109	52	24	0	129	0	99	139	1	142	348	29	1	13	2	12	22	221	1	114	6	23	1	52	0
"hsa-mir-329-2"	2	91	64	120	43	1	275	155	2	53	0	1	1	3	0	0	0	23	111	51	21	0	136	5	112	154	4	153	388	26	0	15	5	9	36	224	1	111	10	26	1	58	2
"hsa-mir-330"	258	337	197	392	37	170	437	209	77	730	48	102	185	634	165	13	76	128	87	545	199	193	93	305	592	730	1817	441	87	343	83	88	63	155	95	1258	81	149	66	148	86	75	42
"hsa-mir-331"	701	230	115	301	119	131	258	131	143	128	51	113	177	99	98	239	51	118	146	113	202	266	38	129	188	54	393	138	257	37	68	44	105	75	214	119	67	294	147	122	104	109	128
"hsa-mir-335"	738	1549	124	172	408	306	602	854	219	558	7	228	283	912	189	53	141	237	72	56	665	158	497	327	1601	610	353	4972	35	1468	343	132	181	1060	78	558	187	290	8	530	274	278	152
"hsa-mir-337"	124	693	6538	1869	3375	17	1529	1866	27	797	12	33	51	27	26	18	51	226	4255	882	791	56	2822	87	2045	1419	154	2376	5406	873	31	326	56	139	888	1800	28	805	219	736	13	2921	92
"hsa-mir-338"	17168	1408	511	2169	1353	13321	831	2388	580	5741	370	1263	3922	3061	628	436	516	924	405	3767	2497	1875	1226	1810	1942	1594	4539	881	490	354	1469	745	1515	2907	2069	1250	763	6421	4165	9258	2738	1230	3047
"hsa-mir-339"	494	342	107	160	445	137	1100	165	446	346	272	264	243	391	134	230	357	399	300	104	495	723	288	442	310	295	347	291	294	298	310	152	528	226	300	230	173	182	426	268	461	94	360
"hsa-mir-33a"	153	157	200	85	39	104	551	107	228	310	24	317	304	182	50	329	106	159	284	95	1197	371	86	170	102	128	341	312	225	441	234	84	103	111	223	278	42	130	104	618	1033	158	73
"hsa-mir-33b"	8	10	2	9	4	14	30	4	22	20	12	26	41	10	16	12	20	15	21	3	51	40	2	43	10	9	48	18	15	9	11	1	14	17	30	27	11	10	21	1	100	2	8
"hsa-mir-340"	236	99	98	123	135	106	128	112	132	180	86	150	157	91	265	76	144	276	442	81	48	190	169	116	102	112	165	193	148	111	203	70	231	138	197	238	96	128	126	122	234	256	258
"hsa-mir-342"	860	377	234	182	1209	564	449	665	410	683	170	805	522	655	415	258	367	443	785	199	241	236	540	548	142	1886	398	262	1157	356	362	129	813	581	687	1286	237	461	242	547	779	186	471
"hsa-mir-345"	37	11	7	16	30	12	41	75	20	186	7	34	42	21	11	108	15	14	38	17	87	9	22	11	3	12	20	58	21	23	11	8	13	5	22	18	8	18	28	28	73	53	29
"hsa-mir-346"	1	10	1	1	1	10	1	3	1	4	0	4	5	1	0	34	3	0	2	0	3	6	6	9	1	7	10	0	73	1	5	3	3	0	3	30	0	7	15	23	1	0	10
"hsa-mir-34a"	603	3566	460	573	834	1294	2701	953	2059	3683	888	2871	4202	2367	2329	303	2250	7098	678	745	1896	3651	920	3564	2695	1948	399	1073	2449	1857	2038	838	1538	923	6186	5465	5902	4056	4183	4948	15842	1632	2139
"hsa-mir-34b"	4	1	5	64	2	1	0	6	192	14	1	6	3	126	8	30	7	33	0	46	9	23	1	45	2	21	0	1	24	4	35	27	93	2	2	38	1	30	13	70	9	0	49
"hsa-mir-34c"	14	16	8	107	7	9	19	22	417	97	9	10	7	242	25	116	5	204	4	99	28	163	3	120	2	55	4	10	81	13	116	81	276	11	16	130	7	109	55	190	32	4	154
"hsa-mir-3605"	43	12	16	16	38	17	11	35	12	10	9	29	15	66	4	21	7	5	27	33	28	11	10	7	8	13	20	4	5	16	7	13	9	11	12	11	6	14	12	23	14	21	6
"hsa-mir-3607"	92	45	64	40	16	141	27	55	121	56	79	141	100	186	61	126	159	540	234	69	86	125	58	131	15	183	64	225	224	323	48	154	99	59	133	61	196	187	90	103	385	161	222
"hsa-mir-361"	3237	2545	759	2000	1525	1697	5875	963	3563	8181	3112	2896	2614	2258	3345	13086	2597	4847	9086	1369	2791	3362	4599	4459	3493	3645	1500	2559	1922	3700	3354	958	3423	3310	4405	12771	5032	2794	3055	4085	15560	2362	4335
"hsa-mir-3610"	1	2	2	1	2	2	1	0	1	5	0	1	3	2	2	9	1	1	2	1	2	1	12	3	2	6	2	10	3	1	0	4	2	1	2	0	0	1	0	0	1	5	3
"hsa-mir-3613"	86	24	55	34	152	45	250	27	115	63	56	131	56	54	54	8	63	100	248	31	118	89	66	31	93	40	49	54	83	146	93	22	116	73	193	88	20	21	64	44	52	49	93
"hsa-mir-3614"	6	2	57	7	20	0	2	4	0	2	2	23	13	8	0	11	5	10	1	1	3	0	1	13	3	2	1	3	1	8	6	0	5	16	20	2	6	11	12	5	19	4	9
"hsa-mir-3615"	12	19	17	29	11	18	25	25	19	22	6	26	15	29	11	10	3	12	18	4	9	4	7	36	10	6	23	26	23	11	27	9	18	11	35	56	8	29	33	16	26	50	15
"hsa-mir-3619"	4	2	2	1	0	6	0	3	1	10	2	0	1	2	0	4	0	0	0	2	8	0	1	1	3	0	10	8	1	2	3	4	2	0	2	1	1	3	6	2	0	2	0
"hsa-mir-362"	275	71	103	104	363	67	363	92	313	74	76	363	134	98	120	107	389	488	467	32	122	282	77	162	126	268	97	97	48	241	333	51	545	242	494	143	296	143	237	578	2862	311	1445
"hsa-mir-3620"	15	1	3	1	0	3	2	9	1	1	0	1	0	3	1	0	2	1	3	2	0	0	1	0	1	4	1	4	15	0	1	0	0	0	0	8	0	1	0	0	0	2	1
"hsa-mir-363"	24	12	15	41	42	52	44	6	6	20	3	15	10	12	7	14	12	52	14	2	38	13	24	18	4	32	5	17	26	7	55	7	20	7	12	51	7	88	12	63	19	23	23
"hsa-mir-3647"	16	7	12	6	17	19	9	26	13	36	19	12	8	12	18	19	44	39	32	13	18	21	19	21	4	18	20	147	17	115	1	4	8	10	11	11	5	19	27	19	51	14	26
"hsa-mir-3648"	11	16	26	1	3	39	13	18	6	10	0	5	10	10	4	19	16	5	6	52	37	2	8	17	5	105	19	308	17	19	18	2	20	4	41	7	9	6	5	6	7	4	5
"hsa-mir-365-1"	206	300	475	230	77	629	761	87	639	630	131	335	524	268	471	278	507	421	539	175	150	508	582	183	394	508	429	176	942	733	489	188	402	651	783	792	210	590	247	263	452	326	988
"hsa-mir-365-2"	221	270	445	228	66	614	805	64	665	591	113	335	449	253	462	276	525	406	509	151	141	465	584	175	353	444	411	150	931	682	473	192	395	651	795	762	207	530	239	285	450	320	983
"hsa-mir-3651"	2	2	4	2	3	1	10	12	0	11	1	3	0	40	1	9	2	16	9	10	6	8	2	5	1	4	3	308	5	2	8	11	5	1	4	3	3	2	13	6	7	1	11
"hsa-mir-3652"	1	1	1	5	0	1	2	3	0	0	0	4	3	4	0	3	0	4	1	1	5	1	2	1	1	0	5	43	5	0	2	6	6	0	2	3	0	1	1	0	5	2	2
"hsa-mir-3653"	44	11	68	15	35	17	25	34	27	66	14	60	24	28	29	77	45	95	21	17	38	38	13	52	10	43	26	72	59	35	17	24	63	40	39	13	29	16	26	23	95	52	66
"hsa-mir-3655"	0	2	0	0	0	0	2	1	1	0	0	0	3	0	1	1	3	2	0	0	2	7	3	0	2	1	0	3	0	8	0	1	1	2	1	1	0	0	6	1	2	2	3
"hsa-mir-3662"	0	3	0	3	0	0	0	4	0	0	1	0	0	2	0	0	1	0	0	0	4	0	1	4	0	4	4	21	5	1	0	2	0	1	0	0	0	0	1	0	3	1	0
"hsa-mir-3676"	1	3	3	7	22	6	13	3	2	11	1	2	2	13	1	2	0	10	2	5	29	1	2	15	0	8	3	49	7	0	3	7	3	2	6	5	3	0	6	2	2	1	1
"hsa-mir-3677"	24	10	4	17	11	22	59	20	31	13	17	16	7	33	24	25	18	11	44	19	15	20	33	14	19	8	45	45	30	2	1	1	9	4	6	4	5	23	39	5	9	14	18
"hsa-mir-3678"	0	1	4	1	1	1	3	8	6	0	2	3	2	1	1	0	0	3	5	5	0	5	2	2	1	4	2	2	1	0	0	1	0	0	7	3	0	4	3	2	7	11	5
"hsa-mir-3682"	1	2	1	6	5	0	2	12	2	5	2	1	1	5	8	6	1	0	3	8	1	2	0	0	2	0	6	4	0	3	4	0	5	3	1	0	2	1	3	1	3	3	0
"hsa-mir-3687"	3	3	4	12	1	14	3	13	1	1	0	0	0	4	2	10	3	2	0	15	8	0	1	5	1	12	2	104	4	1	2	1	3	0	1	1	0	0	1	2	0	4	2
"hsa-mir-369"	42	2632	2673	2178	702	4	3691	1213	8	1787	8	42	30	22	14	9	17	286	3948	727	2036	16	1967	30	3561	1466	30	1033	2544	572	8	493	24	297	755	6707	17	1833	107	524	8	2069	38
"hsa-mir-3690"	0	1	1	2	1	0	9	0	6	2	0	5	0	0	7	0	1	3	3	0	1	2	0	0	1	0	3	2	0	7	2	0	1	4	4	0	1	0	0	2	10	3	0
"hsa-mir-370"	20	2247	1827	1620	525	4	2188	2195	12	1520	5	11	16	15	12	4	14	384	1959	1307	1215	15	1615	6	3590	930	20	1536	2096	754	10	524	19	238	879	4874	11	1748	217	829	7	1878	27
"hsa-mir-372"	57	0	1	0	0	1	8	0	1	0	2	3	0	16	1	0	2	1	0	7	3	0	1	0	1	7	3	4	0	0	1	3	2	1	2	1	0	1	0	1	1	2	0
"hsa-mir-374a"	5970	8364	1600	6465	5278	2451	11728	2540	3390	11181	1992	2326	9133	3531	4895	7907	5125	7056	8268	1063	2998	13916	5238	3273	6968	1989	7325	3336	3720	4430	3616	2303	5908	2757	4889	10243	4503	4527	4045	3920	5982	7289	3363
"hsa-mir-374b"	487	458	156	813	478	405	1224	230	410	712	203	202	485	747	343	1241	378	858	724	155	430	1298	374	515	443	287	458	433	385	479	445	246	606	328	387	1267	325	617	465	341	1026	479	669
"hsa-mir-375"	1803	885	161	66	483	22	2956	1165	59	42	42	37	40	4109	191	1040	34	62	241	881	47	160	127	282	1375	672	484	308	329	36	1072	165	135	84	147	107	191	136	152	274	43	1445	43
"hsa-mir-376a-1"	4	375	708	262	171	2	570	466	1	99	1	5	4	3	1	2	3	70	978	171	219	0	839	3	421	599	2	513	1383	172	1	82	7	14	188	990	2	274	56	123	3	277	13
"hsa-mir-376a-2"	2	276	186	178	56	0	473	134	1	66	0	1	3	1	2	1	2	35	631	45	102	4	608	1	225	228	1	384	926	81	1	36	1	2	51	851	0	121	16	29	0	107	4
"hsa-mir-376b"	3	384	279	339	108	2	831	330	3	188	1	4	1	5	2	1	5	150	1112	48	243	2	812	8	386	397	2	398	941	337	1	107	4	10	90	1240	2	187	42	128	3	238	2
"hsa-mir-376c"	6	1353	1569	1186	375	3	1492	782	11	865	2	12	14	11	7	5	10	286	1987	284	479	10	1900	23	1548	1547	14	823	2591	920	6	491	21	23	447	3958	10	849	112	430	5	833	25
"hsa-mir-377"	4	534	627	256	170	1	509	255	2	370	0	2	3	5	5	4	2	71	347	138	262	6	568	9	606	324	3	244	266	216	7	230	6	104	123	609	1	671	40	216	1	385	9
"hsa-mir-378"	857	877	1141	1536	2428	786	2080	629	2203	802	1087	2415	2758	1610	1636	302	1661	4296	2899	200	348	1954	1378	660	1040	609	987	514	715	1407	1281	1358	1522	380	1364	3051	1160	913	439	954	4337	1411	1927
"hsa-mir-378c"	20	24	32	50	30	29	30	7	77	14	20	45	126	24	59	5	64	149	89	9	7	81	23	25	40	7	28	7	16	31	31	43	25	9	37	160	29	22	11	24	135	32	36
"hsa-mir-379"	790	84117	80108	49249	19659	148	99779	33714	281	59521	198	509	830	384	356	286	427	14655	75154	30019	36320	613	82350	578	123200	17086	774	59971	41617	27370	442	23321	1202	11846	27032	103282	310	63397	8120	24532	279	58991	1144
"hsa-mir-380"	1	275	284	195	25	0	436	215	0	205	0	1	3	2	3	2	2	77	285	114	80	1	291	0	363	75	3	330	414	81	0	25	8	12	103	328	1	186	12	35	1	220	3
"hsa-mir-381"	101	8088	4648	11050	930	11	11138	3382	35	9721	35	66	104	46	36	28	41	2377	13123	1880	2552	65	9003	61	15769	3602	67	3975	4912	3792	54	1992	79	238	1728	27737	57	5214	418	2845	26	6651	129
"hsa-mir-382"	41	4024	4973	2397	1151	4	3958	2738	12	4529	7	22	34	31	17	15	17	660	4923	1637	2094	22	4920	22	5897	3391	20	3412	3531	1904	32	696	66	690	2200	5880	27	4652	219	860	17	3377	52
"hsa-mir-383"	0	23	2	0	8	113	4	356	2	0	0	0	0	1	0	0	0	0	1	1	5	0	4	0	7	0	22	0	1	0	0	9	0	1	2	1	0	0	0	16	6	0	9
"hsa-mir-3909"	2	1	0	0	0	1	5	3	1	3	1	1	1	2	3	10	0	2	4	0	1	3	2	1	1	1	2	2	7	2	1	0	2	4	2	1	2	1	1	4	4	6	2
"hsa-mir-3912"	11	3	11	10	5	18	3	1	10	19	6	6	15	1	14	15	17	15	11	8	3	30	12	10	13	10	4	2	13	1	10	4	14	4	11	26	7	10	6	10	10	12	7
"hsa-mir-3913-1"	36	6	9	8	12	11	4	5	15	6	11	26	16	12	12	7	13	23	37	17	8	10	4	10	5	46	4	29	15	8	12	6	14	8	9	13	10	3	16	1	12	16	22
"hsa-mir-3917"	5	0	1	2	1	2	2	7	1	0	0	0	0	1	2	1	1	0	0	1	2	6	7	2	3	3	4	5	6	0	0	4	2	1	0	2	0	0	1	0	2	4	2
"hsa-mir-3922"	18	1	0	5	4	3	3	3	5	1	1	5	2	0	8	1	2	2	8	0	1	4	4	3	1	2	6	1	0	3	5	1	6	3	5	3	4	1	2	3	1	0	1
"hsa-mir-3923"	1	0	0	4	37	3	18	95	0	0	0	0	0	17	0	0	0	0	9	1	0	0	4	0	9	0	18	129	46	0	0	0	0	0	0	0	1	0	1	0	2	1	1
"hsa-mir-3926-1"	10	7	14	7	0	23	12	13	20	16	3	2	9	2	12	13	5	1	9	8	10	6	13	5	8	3	11	10	4	14	0	0	8	16	12	5	0	4	6	8	3	5	11
"hsa-mir-3926-2"	2	3	5	5	0	9	4	5	10	6	2	1	2	3	2	3	4	1	11	2	0	2	19	1	2	0	0	1	0	4	0	0	6	4	3	4	2	0	1	0	1	6	4
"hsa-mir-3928"	2	1	5	6	3	6	3	6	2	7	1	8	2	2	3	0	3	1	3	1	2	2	3	1	4	5	5	12	17	1	5	0	3	1	1	6	3	3	2	0	5	3	7
"hsa-mir-3934"	1	0	0	7	4	1	0	3	2	13	2	1	1	18	21	0	7	1	25	0	5	8	8	1	1	11	0	11	6	1	1	0	21	2	14	0	11	0	15	1	10	12	7
"hsa-mir-3940"	2	4	2	18	4	2	12	47	3	4	0	0	7	7	1	34	1	0	3	3	7	4	1	4	35	3	33	17	3	6	1	0	1	5	1	4	0	2	0	2	0	1	1
"hsa-mir-409"	74	8677	6298	8198	1713	21	8868	7707	34	4792	23	69	92	50	53	27	80	3059	22686	2782	2841	61	9369	95	13866	9850	77	6476	15423	6555	33	1091	177	638	5340	23584	58	9520	928	6116	28	8132	134
"hsa-mir-410"	17	3058	8020	1986	459	4	2558	3075	10	1324	10	18	17	19	14	3	12	858	5929	1985	388	35	2845	23	6723	2827	21	3709	3575	739	15	326	30	135	1404	16742	19	1841	222	509	16	6863	73
"hsa-mir-411"	6	832	1228	679	196	0	854	528	6	735	2	2	14	6	3	0	2	315	1117	347	333	5	1187	4	1232	320	11	920	719	356	11	461	35	74	442	1592	3	1260	116	402	5	882	16
"hsa-mir-412"	10	1869	7996	5187	93	6	664	6649	14	1094	6	38	26	19	29	9	37	929	583	2088	433	21	449	47	3405	485	36	3471	8638	864	24	38	13	125	3120	3471	24	4404	67	1119	11	7208	30
"hsa-mir-421"	15	20	7	29	10	21	43	12	20	32	17	4	13	87	16	26	12	48	48	16	2	16	19	18	40	11	26	68	45	18	14	4	9	7	14	68	10	15	14	13	11	16	20
"hsa-mir-423"	869	510	646	619	1297	767	1224	494	907	753	695	552	772	1523	1087	1142	566	1017	1352	740	1164	741	779	621	574	1318	584	1272	1413	1182	752	421	907	986	1177	825	394	594	1310	683	742	1059	873
"hsa-mir-424"	5500	5248	896	4496	1818	1846	2422	4260	1601	6446	184	2801	10835	2695	734	3842	824	1408	659	871	4285	7594	2396	1606	5272	6134	4619	3939	2589	2589	1171	7997	3143	6144	446	3295	2059	5088	3035	9394	723	978	1917
"hsa-mir-425"	1633	454	497	1783	922	422	1666	389	850	1462	293	513	266	2619	355	1288	392	847	811	638	1045	309	510	1227	355	4190	543	1619	988	922	775	319	1001	683	735	1756	300	703	1163	314	551	451	938
"hsa-mir-429"	2	2	0	0	1	0	0	54	1	2	0	2	0	0	0	15	0	0	1	0	0	1	0	0	0	0	2	4	62	0	0	0	1	1	0	0	1	0	1	0	0	72	0
"hsa-mir-431"	31	3237	11548	4209	2969	7	1580	12445	23	686	17	33	19	47	32	16	42	668	8738	5702	676	33	4814	36	7364	9966	42	6544	14657	1475	8	652	69	176	2369	10586	27	1689	585	769	16	8811	92
"hsa-mir-432"	18	2906	9303	2841	1339	2	1750	6090	6	1004	15	11	31	16	29	8	33	362	4938	4354	525	31	4048	25	8043	3900	19	2914	5108	1027	16	481	26	254	475	8873	22	1290	239	616	25	6019	36
"hsa-mir-4326"	31	2	14	14	52	24	137	39	28	79	31	40	24	3	35	54	63	83	83	22	46	105	46	31	4	73	126	142	143	32	2	33	103	41	0	37	43	12	52	26	39	16	20
"hsa-mir-433"	2	217	2177	108	256	0	193	1438	3	80	1	7	5	0	5	1	4	97	1051	348	91	3	223	4	925	900	10	503	1856	178	3	39	6	23	421	974	4	226	22	108	4	537	21
"hsa-mir-450a-1"	554	462	74	135	105	85	1230	84	77	146	14	113	291	305	27	157	46	280	99	153	338	394	185	177	1003	193	203	183	214	78	416	66	333	137	22	468	66	229	158	330	22	67	177
"hsa-mir-450a-2"	511	465	75	139	92	106	1164	98	78	168	14	132	279	324	25	149	39	231	97	150	321	442	201	174	922	190	187	183	220	102	386	62	342	110	19	456	53	212	155	349	18	58	154
"hsa-mir-450b"	2557	1608	217	580	213	352	4280	292	281	623	72	695	810	1557	170	456	249	1078	390	522	1142	1521	808	418	3711	393	726	793	495	211	1403	137	1191	318	74	1729	326	512	475	841	72	337	743
"hsa-mir-451"	671	2317	4706	4130	34502	768	3124	1078	884	1356	212	352	1712	2380	1424	7331	1024	12373	760	1111	10201	745	2385	9403	1428	688	356	2815	820	781	27893	305	1723	922	2344	8080	436	20607	469	241	1236	2187	471
"hsa-mir-452"	192	42	161	11	349	60	31	83	455	57	314	18	31	9354	153	66	48	9	58	25	19	53	55	84	35	517	60	88	31	151	41	21	633	377	502	106	81	21	114	120	50	1444	45
"hsa-mir-454"	80	16	18	48	51	49	76	72	37	79	28	47	26	86	46	146	46	118	70	46	26	43	42	103	23	177	59	221	185	29	14	9	31	42	102	46	20	39	66	42	44	45	47
"hsa-mir-455"	2481	2412	82	100	1070	1406	7404	65	3060	1145	1103	263	4453	128	2162	5485	1539	111	1717	108	1810	4865	1836	1743	4524	834	5367	2962	2660	1117	391	1292	639	1819	855	1670	156	1888	1102	1908	960	2080	157
"hsa-mir-466"	12	2	1	0	5	1	6	2	195	9	116	38	0	26	33	34	11	51	26	0	53	6	3	10	2	0	3	6	1	5	2	0	122	11	59	0	6	0	34	2	61	0	49
"hsa-mir-483"	5061	338	12976	15250	11334	1873	5697	11657	12203	2445	7723	1938	1710	20487	14824	28	15687	17388	55742	4318	22	6614	8216	3044	5854	7153	9345	16730	23580	11086	5425	36	7095	98	10872	7911	1009	4349	11376	193	590	24926	10757
"hsa-mir-484"	191	557	243	869	393	385	832	290	467	1063	335	451	540	373	492	403	373	421	928	153	481	635	465	500	636	690	378	572	955	481	315	90	218	199	335	899	170	712	442	136	394	272	193
"hsa-mir-485"	9	3361	1273	702	273	0	1799	844	4	625	2	9	10	5	4	2	11	401	6764	278	483	6	2673	11	2197	2312	8	446	880	722	13	347	19	234	615	2779	7	1249	243	525	6	958	13
"hsa-mir-486"	268	1066	1791	2663	4815	355	645	270	309	278	171	138	652	742	3300	1820	942	5716	731	325	2377	270	766	2733	579	161	131	461	129	335	7742	98	459	373	1100	2201	317	5915	166	112	569	962	167
"hsa-mir-487a"	1	401	659	301	128	0	647	194	1	276	0	2	3	3	2	1	1	84	615	149	174	4	467	6	1006	513	1	322	732	219	0	81	7	43	180	1517	3	530	34	264	3	166	6
"hsa-mir-487b"	22	1929	4435	2468	359	3	1884	1606	7	938	4	8	13	11	9	5	26	395	3294	1123	636	8	2975	9	4109	3471	17	981	2534	1228	10	405	32	256	1094	6532	11	2338	215	975	8	2803	26
"hsa-mir-488"	223	30	0	3	0	141	20	3	10	56	3	19	31	27	1	52	10	28	7	56	53	21	13	45	10	0	51	29	94	7	14	21	2	30	0	127	0	80	16	15	24	0	2
"hsa-mir-489"	0	0	1	0	0	0	1	0	7	0	0	11	0	1	0	0	2	0	0	0	3	0	0	1	0	7	1	0	1	1	2	0	22	0	12	0	0	0	1	2	115	0	13
"hsa-mir-490"	1	20	0	5	1	33	83	17	5	0	3	17	10	28	0	0	8	150	7	1	4	3	2	4	32	0	10	0	0	0	19	0	26	8	15	10	6	0	2	1	13	0	19
"hsa-mir-491"	26	22	16	16	8	9	47	11	22	8	9	4	15	21	21	25	8	6	22	6	17	45	23	18	10	2	21	21	31	9	9	16	11	29	38	30	7	16	51	19	21	14	33
"hsa-mir-493"	32	1094	13593	3853	1618	4	1842	4361	16	2454	13	30	63	36	25	13	27	622	4382	1243	246	37	4996	50	4532	4012	52	3197	5034	1179	26	123	57	560	1689	634	25	320	160	298	9	6109	94
"hsa-mir-494"	4	296	250	233	148	0	425	193	3	370	0	2	3	5	2	1	2	107	483	74	110	1	430	5	316	207	2	336	771	151	4	92	12	10	126	497	1	238	29	150	2	191	5
"hsa-mir-495"	20	2252	2374	1408	465	2	3183	1477	10	1381	9	12	20	40	12	4	24	193	4572	533	793	12	2617	42	3280	2613	26	724	57	794	18	310	14	320	383	3560	14	1908	207	1011	12	1466	18
"hsa-mir-496"	4	413	746	413	118	3	598	460	1	411	2	5	4	2	3	4	6	143	833	240	117	4	873	3	1267	407	2	659	364	248	2	138	8	59	299	1717	3	1187	50	352	2	1523	10
"hsa-mir-497"	146	245	20	39	20	16	98	37	24	49	7	10	42	16	4	365	13	11	11	17	341	60	164	123	109	11	73	25	42	42	34	36	75	35	459	186	35	18	8	107	133	86	39
"hsa-mir-499"	1236	2	1	0	0	2	3	0	2	6	1	6	3	10	3	138	1	3	6	165	14	9	0	148	1	6	2	45	0	8	0	25	0	0	4	1	4	1	2	1	2	3	1
"hsa-mir-500a"	2561	1696	1243	4387	6586	1834	5007	1688	3356	1124	1714	3596	1691	3047	2046	845	4286	4692	4244	259	796	3479	1564	1286	2443	3171	3079	2403	1693	2670	2712	492	6766	3133	5100	3100	1677	1698	2360	3267	4076	4770	3968
"hsa-mir-500b"	55	64	26	75	129	87	163	29	47	36	31	73	51	86	66	37	95	100	125	8	21	86	39	60	61	68	56	41	37	76	80	10	97	69	72	120	45	37	66	126	94	83	63
"hsa-mir-501"	377	320	193	757	934	73	847	416	575	181	374	574	186	592	592	128	775	782	1042	46	130	275	281	224	589	442	576	445	483	294	510	51	626	229	125	589	202	198	408	429	447	1534	451
"hsa-mir-502"	71	46	20	57	96	40	100	26	39	38	37	59	41	34	45	47	58	96	91	8	25	56	24	52	34	29	40	48	19	49	62	11	71	97	74	74	27	42	52	73	106	142	74
"hsa-mir-503"	4635	1147	1364	14172	3169	3629	1087	11962	4291	2349	491	1470	2113	5907	2420	670	2414	6306	3031	1719	241	3345	3686	1391	6651	26914	6538	16399	1775	7027	1102	561	8832	1439	129	10421	1341	3360	6520	1763	381	4174	9579
"hsa-mir-504"	15	0	1	0	5	0	9	1	0	2	4	7	1	10	1	0	1	10	28	16	0	1	0	11	5	0	2	0	4	0	0	4	0	0	1	1	0	0	5	4	2	3	0
"hsa-mir-505"	221	109	93	99	392	186	323	142	240	106	189	207	167	92	310	934	242	159	502	359	158	210	218	182	86	140	160	102	223	185	146	190	345	150	228	346	87	123	254	312	277	150	335
"hsa-mir-506"	651	1537	290	29	5	4	6622	18	6543	165	3163	4016	3338	763	3604	1440	4326	1516	1207	5	523	2607	4861	1725	1561	23	46	3015	18	986	11208	33	9873	263	6928	5061	2975	201	5197	694	2185	3333	4587
"hsa-mir-507"	150	162	73	2	0	0	1117	3	1406	18	451	1179	353	91	656	347	497	139	202	4	152	425	481	424	196	6	13	358	6	146	869	6	1010	29	1000	946	231	40	1320	91	224	429	747
"hsa-mir-508"	39001	90199	25099	2067	497	198	404725	1857	417229	11994	311380	236684	307798	39827	458917	85669	380965	51182	138228	1210	41962	212426	338355	115848	120158	2097	4085	158972	1206	70999	553257	2893	594653	26130	275732	303603	91437	12184	531487	46696	44275	200591	170279
"hsa-mir-509-1"	1717	8908	1625	161	55	23	34464	116	26427	1171	23400	13713	19362	3834	33322	11229	18003	3263	11814	158	2875	11586	29420	9618	10404	197	342	19181	59	5695	42563	233	38173	2140	17124	37373	5517	745	27738	3442	2146	12876	7993
"hsa-mir-509-2"	1808	8952	1664	143	50	25	33951	145	26120	1255	23089	13814	19428	3742	33606	11167	17892	3232	11978	164	2927	11471	29132	9684	10313	201	328	19109	62	5727	42790	241	38238	2174	17068	37248	5552	780	27919	3526	2178	12715	7866
"hsa-mir-509-3"	1942	9856	1846	162	52	35	34671	131	30977	1428	25904	14714	25529	4020	36603	14094	19438	4560	13638	160	2813	13799	32540	10569	11197	224	360	20775	77	6251	50602	318	43662	2477	24681	39823	6838	970	37389	4332	2955	19149	9440
"hsa-mir-510"	28	38	13	0	1	0	195	0	194	7	138	193	93	20	166	52	184	40	46	0	34	103	121	47	49	2	1	59	0	34	292	1	317	13	242	183	109	3	223	26	83	113	183
"hsa-mir-511-1"	17	17	40	9	78	2	10	7	7	17	2	3	2	5	9	13	9	1	6	3	14	2	5	26	31	5	4	8	0	18	37	2	44	51	15	6	2	8	8	10	42	19	83
"hsa-mir-511-2"	11	20	52	4	86	0	11	9	5	20	1	2	2	1	10	5	7	1	4	4	16	11	6	25	23	4	3	9	0	25	20	2	54	51	6	4	5	4	1	4	32	21	88
"hsa-mir-513a-1"	73	108	33	3	6	0	765	1	1158	7	387	769	406	61	405	199	348	190	206	2	61	330	372	122	116	5	6	139	1	84	538	3	1057	15	970	163	214	29	1385	58	132	294	503
"hsa-mir-513a-2"	65	122	30	4	1	0	822	2	1225	9	402	839	418	62	471	249	382	205	202	0	80	394	367	122	120	1	6	138	1	77	561	1	1151	6	1004	216	244	19	1411	63	158	330	572
"hsa-mir-513b"	58	107	78	1	6	1	1245	3	735	19	223	764	275	65	288	417	353	166	156	1	150	291	394	176	133	4	3	252	1	116	780	5	968	21	874	249	192	18	691	68	170	244	643
"hsa-mir-513c"	220	309	163	5	13	1	7008	11	2875	39	686	1279	1119	193	1332	1357	1264	404	521	7	665	1281	1256	800	483	15	39	753	1	506	3018	10	2694	37	1723	893	590	65	3074	341	706	606	1895
"hsa-mir-514-1"	4846	16414	3936	222	68	27	32132	170	46964	1713	20592	30914	33972	3002	32679	7502	32226	12473	14308	96	2784	19114	52986	15345	18141	196	514	16793	86	6640	82341	253	103353	3032	69213	35549	25317	1096	82458	5269	11963	21813	37568
"hsa-mir-514-2"	4884	16546	4096	196	68	23	31839	144	47232	1714	20608	30703	33754	2967	32584	7617	32047	12450	14006	128	2914	19044	52865	15490	18068	200	557	16681	82	6719	82200	236	103447	2895	68935	35578	25602	1029	82715	5284	11845	21824	37468
"hsa-mir-514-3"	4897	16708	3955	233	54	25	31789	174	47289	1706	20574	30784	33905	2982	32760	7896	31890	12617	14094	117	2882	18904	52842	15421	18125	168	471	16763	92	6751	82739	254	103212	3041	68441	35651	25437	1044	82176	5147	12016	21835	37434
"hsa-mir-514b"	92	83	147	3	3	0	6263	1	659	6	256	1007	124	123	368	802	276	65	160	7	511	167	409	483	216	11	18	664	3	192	1350	6	634	19	351	257	92	19	574	132	300	305	542
"hsa-mir-516a-1"	16	0	25	0	0	0	14	0	0	0	0	22	0	0	0	0	0	0	0	0	8	0	0	2	0	0	0	0	0	0	0	1	0	0	0	0	0	0	0	0	0	0	0
"hsa-mir-516a-2"	14	0	21	0	2	0	11	0	0	0	0	10	0	0	0	0	0	0	0	0	14	2	0	1	0	0	0	0	0	0	0	0	0	0	0	0	0	0	0	0	0	0	1
"hsa-mir-516b-1"	10	0	0	0	0	0	9	0	0	0	0	11	0	0	0	0	0	0	0	0	7	1	0	0	0	0	0	0	0	0	0	0	0	0	0	0	0	0	0	0	0	1	0
"hsa-mir-517a"	36	0	0	0	0	0	45	0	0	0	0	41	0	3	0	0	0	0	0	0	44	1	0	1	0	0	2	0	0	0	0	0	0	0	1	0	0	0	1	0	0	0	0
"hsa-mir-517b"	36	0	0	0	0	0	45	0	0	0	0	41	0	3	0	0	0	0	0	0	44	1	0	1	0	0	2	0	0	0	0	0	0	0	1	0	0	0	1	0	0	0	0
"hsa-mir-518b"	16	0	0	0	1	0	11	0	1	0	0	16	0	0	0	0	1	0	0	0	13	0	0	1	0	0	0	0	0	0	0	0	0	0	0	0	0	0	0	0	0	1	0
"hsa-mir-518c"	26	0	0	0	0	0	19	0	0	0	0	34	0	0	0	0	0	0	0	0	15	0	0	1	0	0	3	0	0	0	0	1	1	0	1	0	0	1	0	2	0	0	0
"hsa-mir-518f"	6	0	0	0	1	0	6	0	0	0	0	6	0	0	0	0	0	0	0	0	6	0	0	0	0	0	1	0	0	0	0	0	1	0	0	0	1	0	0	0	1	1	1
"hsa-mir-519a-1"	11	0	48	0	2	0	10	0	1	0	2	9	0	0	1	0	0	0	0	0	8	0	0	0	2	0	3	0	0	0	0	0	0	0	2	0	1	0	0	0	0	2	1
"hsa-mir-519a-2"	15	0	4	0	1	0	10	0	0	0	0	17	0	0	0	0	0	0	0	0	5	0	0	0	1	0	1	0	0	0	1	0	0	0	1	0	0	0	0	0	0	0	0
"hsa-mir-520a"	21	0	1	0	0	0	17	0	1	0	0	22	0	0	1	0	0	0	0	1	12	3	0	0	0	0	1	0	0	0	1	0	0	0	0	0	0	0	0	0	0	0	0
"hsa-mir-525"	5	0	1	0	0	0	8	1	1	0	0	6	0	0	0	0	0	0	0	0	6	0	0	0	0	0	0	0	0	0	0	1	0	0	0	0	0	0	0	0	0	0	0
"hsa-mir-526b"	82	0	1	0	3	0	59	0	2	0	0	99	0	1	1	0	0	0	0	0	70	2	0	1	1	0	6	0	1	1	0	0	0	0	0	0	0	0	2	1	0	0	2
"hsa-mir-532"	5869	3950	2297	8420	6135	6873	8125	2807	5775	4123	7593	8955	6408	3524	5746	2378	7550	10515	18385	1026	1856	6894	3106	2847	5473	3411	4513	3828	1493	5683	7627	1742	7078	8136	7983	9253	3222	4280	6871	7512	9408	19827	7916
"hsa-mir-539"	33	3657	3991	3280	627	6	2157	3298	15	1615	6	24	21	25	17	10	25	777	5664	1864	1622	24	4272	24	6425	4395	21	1239	2116	1365	17	625	45	447	1418	8821	22	3631	354	2907	23	3535	54
"hsa-mir-541"	0	171	414	199	98	0	186	595	1	106	1	2	1	5	4	4	1	32	208	266	55	2	110	0	415	184	1	492	714	36	0	20	1	8	99	530	3	130	13	37	1	186	4
"hsa-mir-542"	26479	22480	5345	7863	3259	7856	32307	4217	4047	7941	1651	7999	11940	18740	2353	4257	2943	15170	6084	8837	5752	12043	10407	6975	65352	11101	7932	12550	6195	2654	34801	2737	20480	4985	1091	42494	4490	12557	9316	11569	1200	5641	10519
"hsa-mir-543"	2	529	429	239	66	0	597	264	3	239	1	2	3	1	4	2	1	92	1202	85	107	2	607	4	682	371	2	376	338	186	7	63	5	73	131	656	7	901	38	216	4	548	8
"hsa-mir-544"	1	6	4	0	0	0	4	1	0	2	0	0	0	0	0	0	0	0	3	0	1	0	2	1	5	0	0	2	1	4	0	1	0	0	1	3	0	1	0	1	0	3	0
"hsa-mir-545"	4	3	0	3	3	2	10	4	2	3	2	2	1	2	2	6	1	3	1	2	2	3	3	3	7	1	4	6	5	3	3	1	3	2	1	7	2	6	4	1	2	7	1
"hsa-mir-548b"	4	0	2	0	2	0	11	3	1	0	0	1	5	0	6	0	0	4	2	2	0	4	1	2	1	0	4	14	0	0	3	0	9	0	3	6	1	5	0	1	1	12	3
"hsa-mir-548j"	2	5	1	2	2	0	5	0	0	1	0	1	1	0	1	1	0	0	1	0	1	2	0	0	2	2	1	0	0	0	1	0	2	1	1	2	1	2	0	0	1	2	2
"hsa-mir-548q"	9	0	1	0	1	0	2	2	4	2	0	3	2	0	3	2	1	2	2	0	2	0	1	6	0	5	0	1	3	4	3	1	4	4	4	6	1	1	0	1	1	3	4
"hsa-mir-548s"	7	4	4	3	3	0	5	2	1	3	1	4	1	2	1	1	3	1	1	2	2	1	2	1	0	1	5	2	0	2	1	0	4	0	0	6	0	0	1	2	1	0	0
"hsa-mir-548v"	8	3	5	4	8	4	4	15	12	10	14	22	4	14	30	5	25	6	30	7	5	16	7	1	0	3	14	17	10	4	4	4	6	1	30	4	15	0	1	1	12	14	21
"hsa-mir-550a-1"	4	15	3	13	24	3	20	4	8	9	1	4	9	13	3	10	6	13	7	2	16	4	10	9	9	4	11	10	7	11	5	3	11	3	9	11	6	8	5	3	8	5	3
"hsa-mir-550a-2"	5	6	0	10	14	3	14	2	7	7	2	2	4	7	1	7	8	3	6	2	5	8	7	2	1	2	6	18	8	9	8	0	6	1	5	6	2	2	3	6	12	6	3
"hsa-mir-551b"	3	2	0	0	8	0	0	2	7	0	0	9	0	0	1	0	0	2	18	0	0	0	0	0	0	0	0	2	2	0	0	0	9	0	0	0	0	1	18	1	15	1	4
"hsa-mir-552"	4	8	5	5	4	0	28	3	2	3	15	8	1	2	2	0	14	52	148	1	0	4	0	2	3	0	2	8	5	1	23	0	3	1	4	4	5	1	0	1	17	2	107
"hsa-mir-561"	34	0	4	14	6	4	9	36	16	6	13	3	12	5	7	5	2	11	14	3	4	19	13	3	10	0	18	39	29	6	3	2	9	1	13	6	8	6	9	2	19	7	1
"hsa-mir-570"	13	1	0	1	6	0	2	4	4	0	0	2	2	2	2	1	0	1	3	2	0	1	5	3	0	3	1	5	9	2	0	2	6	2	6	4	1	2	2	1	1	2	5
"hsa-mir-574"	1598	307	953	1114	1508	883	1328	464	663	571	279	544	913	1844	340	1027	147	323	552	953	1182	773	692	721	558	804	938	400	1559	389	370	397	494	467	552	562	230	665	849	751	269	356	278
"hsa-mir-576"	162	55	42	91	134	32	240	157	65	53	23	46	59	181	36	173	35	55	151	22	69	97	87	88	102	53	69	174	153	55	58	14	70	54	82	110	28	54	33	20	54	49	62
"hsa-mir-577"	0	0	0	0	0	2	14	1	0	0	0	111	1	65	1	1	0	1	1	0	0	0	0	0	0	1	3	0	0	0	1	0	1	0	0	0	1	0	5	1	0	5	1
"hsa-mir-579"	3	4	0	3	6	0	6	3	3	5	0	0	3	5	2	3	3	1	3	1	4	2	2	1	3	3	0	7	3	2	0	0	4	0	0	2	0	2	2	4	1	0	1
"hsa-mir-580"	4	2	2	2	3	0	6	1	2	3	0	1	1	2	1	0	1	4	6	2	2	4	1	0	3	2	1	4	2	2	2	0	2	0	0	5	1	1	2	0	2	1	0
"hsa-mir-581"	6	3	3	6	8	1	21	4	8	5	4	6	10	9	4	8	8	5	7	4	2	15	3	2	4	2	8	26	6	6	5	0	7	4	9	2	9	2	5	7	5	3	3
"hsa-mir-582"	365	41	193	118	6530	320	104	451	154	69	52	164	66	3756	50	50	176	56	82	1063	124	67	86	67	101	81	202	107	45	117	87	67	174	113	130	85	145	104	452	84	2670	292	178
"hsa-mir-584"	193	114	280	368	329	107	129	131	123	144	97	101	114	120	80	43	124	109	105	50	125	109	131	93	71	96	110	76	41	85	190	44	3182	179	177	111	89	257	41	86	155	109	218
"hsa-mir-585"	5	2	0	1	1	2	3	1	6	17	6	1	3	1	16	20	14	1	1	0	2	1	1	2	2	0	3	0	2	1	0	2	6	1	0	2	4	0	3	1	18	3	0
"hsa-mir-589"	826	287	95	272	289	112	940	107	296	463	217	227	310	944	211	352	516	668	354	223	335	755	240	241	267	74	462	276	322	212	264	139	527	159	368	281	351	256	235	223	751	144	297
"hsa-mir-590"	223	74	27	56	118	47	291	70	74	123	29	88	76	148	65	86	127	116	91	33	74	139	82	79	68	50	139	201	836	92	103	34	81	69	123	147	37	45	23	45	136	42	97
"hsa-mir-592"	2	2	0	0	7	14	7	1	11	1	22	9	0	2	13	0	1	34	90	0	6	6	3	0	1	32	5	5	2	0	0	0	140	0	2	0	7	2	6	6	6	1	23
"hsa-mir-598"	382	139	471	234	69	1302	1521	332	811	282	837	999	255	609	456	13	539	554	1645	301	119	469	363	280	941	697	680	189	786	91	496	67	341	140	795	2162	179	150	113	217	187	307	214
"hsa-mir-605"	2	2	1	2	8	0	0	1	13	0	7	5	4	1	19	3	4	3	36	0	0	1	5	1	1	2	2	0	0	5	2	0	8	2	19	0	7	2	15	3	3	2	2
"hsa-mir-607"	2	2	8	13	5	2	1	2	2	1	0	0	8	18	1	8	1	2	1	3	5	3	2	4	8	2	6	2	2	0	1	2	3	0	1	3	0	7	3	6	0	1	1
"hsa-mir-615"	3	13	1	12	49	19	146	49	3	7	0	14	4	19	0	19	1	24	10	6	4	42	7	20	13	40	45	3	84	22	3	2	8	8	0	43	0	5	2	12	6	13	1
"hsa-mir-616"	679	28	24	80	110	11	76	61	54	19	57	87	20	77	66	34	73	79	93	16	55	52	13	13	28	17	97	24	25	30	20	11	31	30	67	23	57	13	26	18	84	24	52
"hsa-mir-618"	4	2	0	2	6	4	2	9	0	3	4	0	3	14	2	1	0	0	4	21	0	3	5	3	1	0	2	37	0	1	1	0	0	0	3	0	5	4	3	3	8	0	1
"hsa-mir-624"	7	5	2	4	6	2	6	18	3	8	2	4	3	3	1	7	2	5	4	1	2	10	6	6	2	11	4	5	6	4	8	0	8	2	0	3	4	10	1	1	6	4	6
"hsa-mir-625"	912	946	175	449	627	578	1248	731	912	1822	459	366	1597	645	1369	325	1009	1440	2662	73	423	758	908	835	430	605	774	366	1270	130	473	259	856	111	793	1927	1285	904	626	1033	1193	313	1554
"hsa-mir-627"	13	2	2	2	5	0	27	1	5	4	0	8	6	2	5	8	10	6	5	4	16	2	6	12	8	3	5	4	3	4	7	2	6	4	10	4	10	2	4	5	75	1	10
"hsa-mir-628"	161	70	52	38	83	40	135	25	29	69	20	28	22	108	54	112	49	75	36	10	77	31	30	37	86	29	48	27	64	21	26	3	28	23	61	113	30	20	24	13	23	96	28
"hsa-mir-629"	257	240	31	170	247	28	435	291	73	212	99	202	105	175	135	20	191	176	160	68	115	201	153	133	195	43	188	51	17	252	100	55	234	90	51	209	68	36	27	67	181	41	83
"hsa-mir-636"	7	3	1	9	2	7	7	16	3	4	1	6	0	5	2	4	0	2	0	4	4	1	1	9	6	6	10	6	12	1	4	1	2	0	6	4	1	2	1	8	0	2	2
"hsa-mir-639"	2	0	0	2	0	1	3	1	1	0	1	0	4	1	1	4	0	0	0	1	4	4	4	0	3	0	2	5	0	4	1	2	5	1	4	2	1	2	5	1	3	2	8
"hsa-mir-642a"	13	7	38	19	15	3	61	12	2	10	1	11	26	24	0	2	28	8	1	9	5	15	6	13	11	69	14	2	4	3	10	6	6	1	7	7	5	11	1	5	13	31	9
"hsa-mir-643"	7	2	4	8	2	3	19	4	5	5	0	6	7	2	2	3	4	12	3	2	1	3	5	3	15	1	11	8	7	0	2	7	4	1	3	7	6	5	4	1	5	1	7
"hsa-mir-651"	18	4	11	2	5	15	110	17	16	23	33	15	27	28	40	13	23	42	145	4	12	13	27	17	38	20	9	27	21	7	24	4	30	9	33	50	13	6	7	10	24	23	12
"hsa-mir-652"	105	128	68	64	57	85	143	48	75	83	129	142	62	82	77	209	54	151	177	38	35	66	46	125	53	169	73	90	172	56	505	20	164	57	113	657	39	106	76	37	220	72	114
"hsa-mir-653"	32	33	39	11	55	15	10	53	461	3	13	386	13	73	36	10	23	40	31	1	29	63	15	5	20	34	89	9	9	50	36	2	1158	25	767	16	121	3	35	123	569	74	245
"hsa-mir-654"	57	2288	7009	4298	2128	13	5030	2476	17	2270	21	44	40	20	23	14	49	919	10373	1413	2875	48	5497	41	6527	2788	71	2533	4404	2283	30	1360	73	206	1614	3673	30	4393	380	1855	19	4951	76
"hsa-mir-655"	5	512	587	489	195	0	869	272	1	549	0	6	3	7	2	0	3	111	811	170	179	3	665	12	798	457	7	339	608	242	4	153	5	98	198	1746	2	539	54	169	6	257	6
"hsa-mir-656"	1	152	202	165	26	1	241	86	2	166	1	0	1	2	0	1	2	62	201	31	67	0	137	2	297	97	0	95	236	87	0	26	0	17	82	439	0	194	18	79	0	153	2
"hsa-mir-659"	11	3	4	5	2	2	4	4	5	16	1	10	5	2	6	8	4	6	7	1	8	6	1	7	8	7	6	2	6	12	0	4	3	15	4	5	4	5	7	2	7	8	4
"hsa-mir-660"	388	343	183	581	490	610	625	204	435	302	420	650	530	274	430	187	562	1159	1177	81	95	419	310	425	401	346	238	324	123	331	862	99	716	686	689	1174	293	479	411	617	869	1601	845
"hsa-mir-663"	0	0	2	1	0	4	1	2	1	1	0	1	0	2	0	0	1	2	0	7	2	3	0	1	0	4	0	68	2	1	1	1	1	0	4	2	0	1	1	0	0	2	1
"hsa-mir-664"	583	825	312	84	213	334	765	492	1262	494	383	1456	665	525	1137	393	815	665	1141	211	432	578	389	465	983	324	403	215	275	649	645	141	1044	637	1230	1319	512	801	560	582	705	304	824
"hsa-mir-665"	2	11	26	7	8	0	10	8	0	10	0	0	2	0	0	0	0	0	29	6	10	0	5	0	15	3	2	12	50	2	0	6	0	1	6	5	0	10	0	9	0	15	0
"hsa-mir-668"	0	47	274	10	21	0	50	99	0	19	0	0	0	0	1	0	1	10	62	21	17	0	29	1	65	105	0	54	114	6	0	4	2	3	46	206	0	8	5	3	0	117	1
"hsa-mir-670"	1	10	0	0	0	1	9	0	0	0	0	2	0	0	0	0	4	0	1	0	0	5	1	7	4	0	0	0	0	3	0	0	0	5	0	2	0	0	0	0	2	0	0
"hsa-mir-671"	72	145	19	91	72	100	218	117	66	250	37	70	170	127	83	81	82	83	74	45	75	142	70	91	143	77	193	128	131	33	71	73	51	92	71	201	36	130	72	117	79	32	42
"hsa-mir-675"	46	181	6049	37	116	14	107	183	55	2745	11	24	56	50	18	54	8	6	914	196	154	66	35	534	146	6279	44466	73	15	902	21	5	12	844	22	53	9	6	42	57	4	252	26
"hsa-mir-676"	208	50	38	34	17	40	209	68	198	35	37	127	77	192	232	100	208	206	191	26	96	147	41	121	15	91	42	99	37	37	108	32	184	8	84	263	109	49	139	129	384	94	175
"hsa-mir-7-1"	204	63	28	269	89	40	211	93	71	173	25	229	130	219	100	1096	84	77	138	94	106	145	118	58	30	122	274	233	439	102	178	53	71	121	96	509	68	157	104	140	60	68	88
"hsa-mir-7-2"	0	6	0	8	1	1	4	3	0	2	2	58	5	10	5	3	2	4	22	3	2	1	3	2	7	4	7	7	2	3	65	1	1	2	0	52	0	8	1	7	0	1	2
"hsa-mir-7-3"	1	1	0	2	1	0	4	1	2	4	0	104	0	2	3	2	4	3	15	4	1	2	6	1	1	4	3	3	1	1	55	0	1	0	0	102	0	2	3	1	2	1	2
"hsa-mir-708"	696	348	54	401	2292	22	183	90	1058	10	683	373	678	59	1740	356	695	298	2965	24	96	282	646	14	170	263	295	684	203	264	168	51	380	457	579	36	271	204	328	396	582	24	2036
"hsa-mir-744"	204	67	81	88	123	94	198	104	114	57	92	155	45	232	148	131	51	107	150	75	41	92	62	37	47	44	108	189	277	67	84	28	87	55	92	37	56	62	197	62	107	207	109
"hsa-mir-758"	34	3578	1860	2286	466	6	4212	1634	9	1843	9	22	17	19	17	12	16	686	3409	1181	987	30	3468	28	3102	961	28	2818	2843	684	16	577	49	233	1114	2222	12	1980	228	626	12	2731	37
"hsa-mir-760"	14	11	6	5	1	4	3	18	2	2	5	5	1	12	9	1	2	1	10	7	13	0	0	6	3	4	8	2	4	4	0	4	3	1	8	24	2	6	4	4	3	1	4
"hsa-mir-765"	9	0	4	4	0	4	1	9	5	1	2	2	2	2	5	2	0	5	2	5	0	2	1	2	5	10	2	1	7	1	2	1	6	0	5	4	3	2	4	3	5	9	2
"hsa-mir-766"	364	381	36	108	84	112	673	74	214	350	98	226	340	299	98	158	120	217	107	48	187	404	189	171	359	40	731	100	236	98	132	65	104	74	121	412	59	322	91	445	145	21	260
"hsa-mir-767"	23	3	1	1	21	0	121	5	53	1	211	10	1	266	8	154	134	6	279	3	2	3	0	1	79	1	4	2	0	8	2	1	4	0	0	1	0	4	158	0	0	2	2
"hsa-mir-769"	81	105	40	117	65	207	389	66	112	172	49	225	124	143	102	110	63	168	106	65	93	68	81	86	130	256	149	251	218	46	90	36	184	40	119	178	54	160	180	71	109	75	168
"hsa-mir-770"	0	23	9	10	7	0	27	67	0	13	0	1	0	0	0	0	0	1	9	16	31	0	6	0	16	49	0	18	38	2	0	7	0	2	0	20	0	3	3	1	0	2	0
"hsa-mir-873"	0	0	13	0	0	1	0	0	20	0	11	0	0	0	27	0	0	0	2	0	0	1	0	0	0	0	0	0	5	0	0	0	5	0	10	0	0	0	21	1	0	0	0
"hsa-mir-874"	795	376	582	240	150	333	1326	321	1490	798	1134	1207	1295	504	2017	781	1271	912	1066	187	396	1228	404	639	360	208	104	409	276	249	722	184	696	605	851	662	660	1057	1034	1087	744	1452	627
"hsa-mir-876"	0	0	9	0	0	0	2	0	8	0	7	0	0	0	7	0	0	0	0	0	0	0	0	0	0	0	0	0	1	0	0	0	3	0	18	0	0	0	13	0	0	0	0
"hsa-mir-877"	13	18	14	20	16	43	21	78	11	47	4	19	10	71	19	23	4	14	29	37	8	5	12	14	28	67	20	51	88	19	10	4	12	25	30	31	11	10	16	22	11	28	17
"hsa-mir-885"	505	80	32	312	1	361	471	19	4	17	2	105	132	60	2	1	411	272	14	51	14	549	41	73	371	107	825	3	7	16	354	98	11	4	1	3029	2	987	1	408	15	1	116
"hsa-mir-887"	481	163	14	238	424	1319	341	647	175	569	104	156	60	3025	362	414	181	143	224	655	300	198	154	315	80	410	604	821	2891	132	94	100	138	77	245	1555	80	182	224	336	275	8	91
"hsa-mir-889"	42	3884	7829	10466	823	8	6517	5512	37	5410	11	28	42	52	21	20	29	2272	10420	3634	1218	68	9514	37	12126	5825	34	5313	4525	3024	44	888	110	676	3891	27910	41	13738	442	3373	35	11407	150
"hsa-mir-891a"	57	18	0	1	295	1	144	8	38	2	13	8	5	7	3	26	3	14	119	1	0	20	10	13	36	0	21	5	4	0	11	4	2	22	9	1	36	7	1194	13	4	2	0
"hsa-mir-9-1"	14842	96518	1654	19852	915	16116	19183	122079	62377	704	4661	10782	815	21373	421	14561	39065	10885	258637	52235	589	15073	1445	314036	136898	2005	144274	368119	313969	118541	27384	2601	729	2221	2762	398737	386	53855	3923	8060	499	263	417
"hsa-mir-9-2"	14785	96526	1659	19849	921	16132	18874	122765	62174	680	4794	10794	779	21299	467	14397	38752	10885	258512	52049	610	15126	1487	314298	136939	2030	144708	366632	313823	119844	27452	2609	750	2178	2713	399356	368	53907	3883	7990	468	245	419
"hsa-mir-9-3"	23	257	3	31	2	37	38	242	54	1	4	9	2	25	0	27	72	22	309	64	1	30	2	734	284	4	263	609	305	234	45	6	1	3	6	644	0	123	2	10	0	0	2
"hsa-mir-92a-1"	1742	1673	1040	812	2334	2282	2278	1214	1209	1013	582	1196	1293	1172	1209	1421	785	2357	2701	316	1090	2000	2359	787	1232	2249	670	1707	1155	1664	1782	1481	1149	1712	1415	1629	1223	1697	1631	1183	1623	2216	1444
"hsa-mir-92a-2"	36624	20134	15074	11329	33827	27178	37094	17351	13262	17227	7082	17520	14753	19919	12011	23627	8887	24128	28067	5381	21470	24764	22394	13586	25272	37428	14032	26583	13818	23163	22303	17071	14826	21381	17900	28526	12746	22266	15370	23342	29580	25212	19710
"hsa-mir-92b"	559	375	33	45	148	435	141	733	39	963	30	30	365	111	44	36	35	92	67	115	245	107	210	225	215	15	1322	341	552	180	68	221	10	104	197	107	212	407	4	561	310	36	31
"hsa-mir-93"	30375	8157	6040	31885	22020	33979	44269	18658	20812	24229	14312	18420	21592	65263	16618	22663	24424	27818	14730	5129	12320	25665	24135	10804	9182	21393	34104	93113	19662	11497	19674	5030	27275	16021	18725	11846	12587	15366	14934	7390	18119	9218	16407
"hsa-mir-935"	18	85	2	39	1	73	525	4	8	14	4	5	1	3	2	2	20	0	2	6	2	776	1	2	8	4	39	2	51	1	95	51	1	2	1	6	3	12	1	16	2	4	5
"hsa-mir-937"	5	3	22	13	9	5	6	76	2	3	2	3	0	13	4	10	1	3	3	16	1	1	2	1	9	21	8	44	1	2	0	0	5	1	3	4	1	2	2	0	2	9	3
"hsa-mir-939"	5	2	2	0	2	3	3	9	6	6	2	4	1	2	0	4	1	1	4	4	1	1	5	4	4	2	5	4	1	2	5	0	1	4	7	5	1	3	1	2	2	0	0
"hsa-mir-940"	1	1	3	14	10	10	26	23	18	8	6	7	3	20	12	6	9	4	26	7	9	8	13	7	13	51	14	43	54	0	3	4	7	0	4	14	1	10	7	3	5	17	17
"hsa-mir-942"	18	17	10	52	56	5	127	22	13	23	8	22	19	31	32	40	23	60	37	9	33	14	23	5	12	8	44	42	10	25	43	5	16	20	23	31	16	29	4	12	25	26	21
"hsa-mir-95"	157	77	12	12	4	20	370	5	12	144	30	8	91	166	3	200	34	32	1	16	115	223	40	63	209	31	88	56	25	48	71	45	17	23	1	123	6	105	1	139	19	71	13
"hsa-mir-96"	184	17	5	131	15	41	41	165	12	512	17	153	79	96	3	966	5	8	17	215	12	7	29	30	12	5365	87	249	60	73	29	154	112	18	97	476	9	22	2	206	70	5	143
"hsa-mir-98"	539	360	453	204	665	515	518	550	379	292	577	208	280	34	616	307	523	455	1151	43	94	189	402	270	828	860	262	869	658	375	391	152	579	213	634	1001	152	167	253	199	248	662	834
"hsa-mir-99a"	9102	728	6497	118	1941	2554	1276	1898	7219	929	4209	698	4204	886	5909	145	2175	4389	7049	394	564	1212	567	543	1438	269	1414	3746	247	5145	1067	375	3013	4988	4133	739	2500	1121	7891	1470	4947	10809	294
"hsa-mir-99b"	641520	320877	235685	266902	219583	1073087	489821	642282	1080987	137858	194643	418415	255653	286781	411634	229465	398051	697684	735792	265429	209675	548402	276669	391158	1000384	602348	1308502	460202	767828	382725	134882	100755	470375	125976	749375	750410	449069	329689	772211	567519	532208	398723	612580
