"TCGA-OR-A5J2-01A-11R-A29S-07"	"TCGA-OR-A5J3-01A-11R-A29S-07"	"TCGA-OR-A5J6-01A-31R-A29S-07"	"TCGA-OR-A5J7-01A-11R-A29S-07"	"TCGA-OR-A5J8-01A-11R-A29S-07"	"TCGA-OR-A5J9-01A-11R-A29S-07"	"TCGA-OR-A5JA-01A-11R-A29S-07"	"TCGA-OR-A5JP-01A-11R-A29S-07"	"TCGA-OR-A5JR-01A-11R-A29S-07"	"TCGA-OR-A5JS-01A-11R-A29S-07"	"TCGA-OR-A5JT-01A-11R-A29S-07"	"TCGA-OR-A5JV-01A-11R-A29S-07"	"TCGA-OR-A5JW-01A-11R-A29S-07"	"TCGA-OR-A5JY-01A-31R-A29S-07"	"TCGA-OR-A5JZ-01A-11R-A29S-07"	"TCGA-OR-A5K0-01A-11R-A29S-07"	"TCGA-OR-A5K1-01A-11R-A29S-07"	"TCGA-OR-A5K3-01A-11R-A29S-07"	"TCGA-OR-A5K4-01A-11R-A29S-07"	"TCGA-OR-A5K5-01A-11R-A29S-07"	"TCGA-OR-A5K6-01A-11R-A29S-07"	"TCGA-OR-A5K8-01A-11R-A29S-07"	"TCGA-OR-A5KO-01A-11R-A29S-07"	"TCGA-OR-A5KU-01A-11R-A29S-07"	"TCGA-OR-A5KW-01A-11R-A29S-07"	"TCGA-OR-A5KX-01A-11R-A29S-07"	"TCGA-OR-A5KY-01A-11R-A29S-07"	"TCGA-OR-A5KZ-01A-11R-A29S-07"	"TCGA-OR-A5LD-01A-11R-A29S-07"	"TCGA-OR-A5LG-01A-11R-A29S-07"	"TCGA-OR-A5LH-01A-11R-A29S-07"	"TCGA-OR-A5LJ-01A-11R-A29S-07"	"TCGA-OR-A5LK-01A-11R-A29S-07"	"TCGA-OR-A5LL-01A-11R-A29S-07"	"TCGA-OR-A5LN-01A-11R-A29S-07"	"TCGA-OR-A5LO-01A-11R-A29S-07"	"TCGA-OR-A5LP-01A-11R-A29S-07"	"TCGA-OR-A5LS-01A-11R-A29S-07"	"TCGA-OR-A5LT-01A-11R-A29S-07"	"TCGA-OU-A5PI-01A-12R-A29S-07"	"TCGA-PA-A5YG-01A-11R-A29S-07"	"TCGA-PK-A5H9-01A-11R-A29S-07"	"TCGA-PK-A5HA-01A-11R-A29S-07"
"DIRAS3"	9.6631	18.9602	10.0594	588.4477	27.3518	2408.08	2276.4271	410.628	870.892	7.0292	1105.2943	2502.5961	7.0206	1008.9566	396.3056	13.7421	4.9686	5304.0103	8.9643	337.6206	413.9324	1696.6618	692.5961	7.4752	782.503	223.2314	11.5108	1676.3636	55.6309	685.7013	3170.3655	762.6479	1718.6441	31.7033	253.1792	824.123	7.4929	3471.4552	15.3061	58.1528	911.6967	301.1428	10.4741
"MAPK14"	2823.6469	1061.7686	1526.7965	1679.5026	1244.9233	1457.4952	1728.3298	757.5758	1024.8826	1368.8494	925.2635	1334.891	2208.4247	4512.7631	1168.7657	3070.296	661.6498	710.2199	942.9311	4271.0152	3350.8329	674.8911	1654.6392	1557.0921	1078.9793	1130.0191	1254.2335	1460.6061	1206.2415	896.8263	983.6191	1261.5152	1327.1186	1111.4102	1032.3699	1653.0514	896.5032	1583.6016	591.8367	1863.74	1047.619	1446.7417	1732.6351
"YAP1"	2305.059	1561.2502	904.2301	1547.9342	1587.6502	487.5317	977.8013	1191.0408	839.9061	1289.6781	867.4642	723.2606	1392.7161	1621.1375	1472.3762	1099.3658	888.5484	864.1656	1076.8352	1900.7809	736.4967	683.5994	1201.4995	1423.2854	1037.3971	1179.7323	1261.7598	1481.8182	839.8915	1233.0793	509.8703	953.9391	633.8983	3020.1884	584.9711	1452.667	2026.1678	1053.7015	981.2925	1312.4287	2400.8322	2031.2309	841.7861
"CDKN1B"	4248.9584	1348.541	4540.1518	2693.1408	1450.4766	1843.7128	2492.0719	2446.2011	2938.4977	2219.0159	1698.9222	3456.3863	3030.2764	2581.7286	4212.9303	3104.6512	2438.7467	3119.0168	4209.854	982.0854	1623.4225	1206.0958	2020.15	1734.2553	2409.0725	2633.8432	1734.145	3446.6667	1242.8765	1314.0712	3698.7597	1986.4083	2628.8136	3182.8922	2446.2428	4461.3167	2280.4856	1792.309	1825.6803	2632.8392	2237.6329	2139.0561	2981.2569
"ERBB2"	246.4098	90.0607	171.0101	55.7561	1579.7762	171.35	557.611	59.2885	101.8779	85.0906	109.9135	62.8245	74.5941	134.7962	314.3577	606.7653	141.6046	62.0957	286.8572	129.9954	237.2539	78.3745	260.5436	140.5345	179.8299	303.5373	153.6248	227.2727	549.5251	175.1792	135.2245	115.2781	98.3051	146.553	77.4566	132.6285	115.9195	88.0908	215.9864	297.6055	80.9061	1210.1544	85.4465
"G6PD"	1715.6081	3571.0265	1075.7991	1910.1484	3343.5557	14389.6632	3316.5962	7230.7861	14452.5822	2865.7048	11034.9402	5361.3707	1452.8302	4906.5383	8186.7338	904.4292	9551.2748	3760.6727	8824.7818	4504.3638	2782.9379	4371.553	2097.0009	1713.3246	2478.1963	1207.935	1950.1937	2238.7879	2366.3501	2173.5866	4492.5088	1234.3317	5866.1017	649.6187	4390.7514	1429.6012	6646.5181	1800.7589	2606.2925	4733.7514	4626.9071	614.1499	5048.5116
"KDR"	1246.141	486.4465	934.4084	1872.0417	674.2644	1792.3758	451.9027	441.8094	1528.6385	462.0792	4088.1203	724.8183	877.5779	732.6467	1014.2737	97.2516	1398.6564	411.3842	986.0717	211.3	331.6507	534.1074	478.4442	177.9107	436.344	261.9503	870.3929	760.6061	263.2293	313.5024	796.0646	502.3911	1900	119.0369	709.8266	423.3542	1558.9636	1762.4936	6227.8912	582.0981	1548.3125	2366.9197	1088.2029
"ERBB3"	14.8973	94.2083	924.9078	10.0281	12.8471	3.0598	32.7696	14.4928	14.0845	7.7691	10.4228	2.0768	9.6534	10.7479	6.0453	4.7569	12.4215	3.881	12.8862	4.5935	15.6487	8.7083	8.9035	1.495	10.8006	1.434	14.6099	2.4242	6.7843	4.0951	48.6252	12.5849	13.5593	1.7945	48.5549	3.8443	5.7299	15.5853	9.3537	10.2623	31.9001	10134.5198	6.0639
"AKT1S1"	939.7393	2295.3636	3415.1732	4325.712	2840.862	2947.2886	2048.0973	2595.9596	967.1362	1661.1173	756.6031	645.8982	1724.0018	1230.6314	628.0437	1430.7611	909.2509	1968.9521	1053.8642	2400.5512	2203.9374	2098.6938	1505.6232	1846.3839	4710.6791	1680.6883	5415.8273	1403.6364	4287.6526	1858.7191	1241.1013	1728.1651	1101.6949	1333.9315	1626.5896	1961.5569	1544.8593	2383.195	1639.4558	1663.0559	1683.3102	1123.9641	1057.8831
"MAPK8"	440.8803	113.1684	91.6525	220.6177	75.0104	194.1287	182.8753	258.2345	166.6667	92.4898	172.4506	171.3396	270.294	85.983	155.8354	111.5222	93.575	38.8098	228.5894	90.0322	91.368	15.9652	179.4752	74.0049	133.9274	118.5468	219.5905	154.5455	12.2117	62.3365	142.634	232.0664	110.1695	143.5621	62.4277	428.1595	125.6162	117.9061	255.9524	271.3797	102.6352	417.6917	245.8655
"PRKCD"	5132.7321	2352.2441	2684.7475	2404.3321	888.9349	2381.2215	1784.8837	455.4238	3514.0845	2220.4957	1241.7387	4145.379	6815.7086	4549.485	1730.9824	1298.0973	3299.1398	2600.2587	1303.7437	2298.576	4209.4902	2287.373	3624.1799	3133.6199	3643.0404	2337.9541	735.3625	1420	3731.3433	2963.0304	4556.8794	1979.8641	3069.4915	1645.581	4787.2832	631.4272	3184.9225	2636.6254	4399.6599	859.7491	2569.5793	1125.7088	2132.8556
"EIF4EBP1"	499.2617	612.0575	293.3998	316.085	1628.2636	321.2813	358.351	471.2341	236.6197	731.0396	466.185	258.567	41.2462	334.0797	170.6129	156.4482	377.6124	300.1294	425.8037	1748.2774	369.5103	278.6647	791.94	563.633	545.43	469.8853	494.0786	1599.3939	911.8046	379.479	192.1855	814.4979	371.1864	54.434	470.5202	94.1855	379.934	98.2551	236.3946	179.5895	242.7184	256.4774	656.5601
"IGFBP2"	116.3602	656.4953	8656.1313	5672.6835	3863.2408	217.5873	3736.7865	5480.0176	369.4836	425.4532	1078.2897	1377.9855	360.2457	705.3292	1156.0034	4933.4038	2138.9754	695.9897	4918.0328	1208.5439	486.1181	1214.8041	869.7282	11173.2386	707.9789	38628.1071	731.8207	10943.0303	3130.2578	3228.3017	2374.3009	1455.3234	559.322	789.5917	609.2486	740.0288	866.0909	668.8125	44.2177	207.5257	712.4364	662.3048	1537.4862
"RPS6KA1"	287.8807	1596.8005	690.188	761.3317	744.7161	2291.1268	610.9937	911.2868	291.5493	895.6715	143.0771	1329.6989	1172.4441	2435.7367	153.8203	1578.7526	435.5792	340.2329	252.1206	613.6886	876.8299	419.4485	515.4639	180.1532	656.1361	937.8585	485.6669	869.697	934.8711	474.1213	2389.5831	786.811	1067.7966	160.3111	714.4509	378.6641	508.1948	807.0473	420.068	439.5667	1351.8262	171.3339	329.6582
"MRE11A"	278.2176	216.2643	110.6536	475.3309	151.264	159.1107	218.2875	124.2863	276.5258	284.4987	252.9906	232.0872	219.3945	396.7756	319.7313	193.9746	211.1648	125.4851	329.4376	231.0519	109.5406	85.6313	298.5005	183.8909	220.8721	348.4704	204.5379	386.0606	213.0258	193.8346	206.5415	372.0111	135.5932	325.4075	164.1618	256.1269	303.242	243.9438	215.1361	181.87	318.5391	341.2719	185.7773
"FN1"	20085.6194	7744.6304	787.4291	4197.3526	211642.7683	13658.7057	8735.2008	14092.6658	2783.0986	4298.9271	18744.9959	10745.5867	7148.7495	5454.5455	28818.8077	1036.4693	4871.6967	4950.8409	894.748	5414.3316	4547.7032	3550.0726	12980.7873	10686.6006	7794.2487	1807.3614	12840.7305	35541.2121	2461.3297	3175.0654	2536.8481	2046.816	2830.5085	3691.9396	3324.8555	15549.2552	12979.9036	109.0971	3573.1293	4551.3113	6639.3897	4311.2623	4914.5535
"BCL2L11"	1137.4308	395.2007	1002.5889	290.012	854.5379	507.2505	589.3235	227.0531	545.0704	393.6367	215.0894	636.5524	591.0487	258.3968	562.8883	184.4609	422.3296	534.282	417.96	162.1497	403.8364	624.0929	364.5736	911.9791	654.516	387.6673	363.0327	331.5152	491.1805	331.2479	590.4493	309.0863	701.6949	524.6	152.6012	436.8092	381.2563	365.9156	409.0136	468.073	384.6509	288.9296	761.301
"ASNS"	1727.687	1073.0262	571.1515	657.4408	1394.5296	301.9024	799.1543	339.0426	496.2441	428.4129	869.3592	759.0862	807.8104	769.8164	415.7851	447.1459	833.0659	1248.3829	419.0805	1145.1539	1814.74	632.8012	1089.5033	858.1574	1410.5576	717.0172	772.5512	586.0606	200.8141	418.1549	1598.1495	2200.3524	1162.7119	935.5466	643.9306	1515.6175	1532.5181	621.379	284.8639	1340.935	860.8414	106.7783	577.1775
"SRC"	2505.9715	1255.5177	478.3813	403.1288	472.8554	2489.3352	187.6321	1341.6776	1587.3239	2803.9216	249.2005	709.7612	1451.075	301.8361	1507.9765	803.9112	1343.1739	155.2393	1032.0137	1377.1245	2230.1868	3262.6996	1177.1321	2358.4377	1150.8033	3273.4226	1238.7382	1524.2424	1145.1832	1809.123	1337.4256	2886.9872	1050.8475	1329.7443	2413.8728	1345.9875	1481.3901	1591.0554	2158.1633	3596.9213	1665.2797	2107.9997	834.0684
"AKT2"	3458.595	5737.8166	4249.5463	8417.9703	2319.1048	10540.7471	3913.3192	4862.9776	2228.169	2737.6989	1608.9068	2052.4403	3655.1119	3626.5114	1207.7246	2790.6977	1429.296	3247.0893	2555.3825	2720.7166	3501.7668	3301.8868	3766.6354	2598.3928	1885.7837	5576.9598	8128.3896	3241.8182	3226.5943	3107.2688	3157.3987	4791.845	2788.1356	1945.8651	2365.3179	5531.9558	3642.8708	4880.908	2662.415	4539.3387	3490.5224	4907.6158	2545.204
"AKT3"	678.8348	250.037	357.6683	108.3032	586.8214	1352.1014	171.2474	1088.274	675.1174	453.9401	613.526	797.5078	754.717	976.2651	491.6877	244.7146	481.9527	465.718	283.4956	1252.6412	327.6123	503.6284	354.7329	861.1474	217.632	64.0535	343.1101	230.303	42.0624	343.0781	713.6332	532.0916	445.7627	1491.8499	658.9595	1302.2585	706.5362	823.9878	534.0136	587.7993	837.7254	1212.946	386.4388
"AKT1"	3627.2971	13148.2743	1558.6513	2338.5479	4829.6726	5299.6118	3307.611	9470.7949	5661.0329	3958.9345	5272.0597	2907.5805	7397.5428	1824.4514	5174.8111	8891.1205	4171.1263	2243.2083	5494.5486	1991.2724	5421.5043	4114.6589	6367.3852	3657.6341	7637.6401	8100.3824	2559.8229	2782.4242	9333.7856	4585.5989	5213.0885	3238.3589	4218.6441	3756.5425	5058.9595	2506.4873	4585.6537	7667.9654	5064.6259	6077.5371	4931.1142	3352.351	2500.5513
"CDH2"	31.0025	1537.55	3.912	16.0449	1184.0033	678.9405	42.8118	664.0316	41.3146	2519.7928	11.8441	12.9803	68.4511	9556.2024	20.8228	9678.1184	23.1867	6.4683	102.529	7902.6183	3504.2908	14.5138	1260.5436	3880.3962	46.4426	2.8681	802.2136	47.8788	487.1099	3788.42	181.9973	1077.2716	111.8644	5521.1605	201.1561	51.8981	985.5365	8.1315	551.8707	1415.0513	7.8595	748.1462	28.1147
"RAD51"	57.9788	15.9976	7.824	279.1817	286.3655	38.0778	352.0085	57.971	53.0516	116.5372	53.0617	28.5566	19.7455	307.21	110.1595	99.8943	58.7949	21.9922	170.8817	95.5443	34.8309	50.7983	173.8519	18.6881	93.4251	112.8107	187.2717	386.6667	37.9919	41.406	14.356	74.5029	10.1695	2.9909	11.5607	47.5733	12.3412	33.8811	45.068	21.6648	12.4827	19.5411	18.1918
"MET"	173.5337	184.8615	65.3862	58.1629	61.3344	228.1267	56.5539	49.1875	1745.5399	55.4939	535.3547	161.9938	125.9324	982.5347	147.1033	275.37	172.2442	196.6365	193.8527	9.6463	33.8213	204.6444	119.4939	86.7128	157.6887	71.7017	90.7582	27.2727	62.4152	56.4213	351.491	164.1077	491.5254	23.927	1094.7977	138.8755	2506.1541	126.7152	426.0204	175.0285	362.9219	607.5198	199.0077
"NRAS"	1126.5598	450.3037	871.8164	968.3113	1340.6548	733.3374	804.4397	988.5815	901.4085	320.3848	487.9782	781.9315	378.6749	1768.4729	693.8707	298.6258	594.5739	393.273	644.8685	604.0423	589.0964	317.852	1120.8997	438.049	659.3763	532.5048	517.1002	1770.303	1070.5563	391.3093	490.4202	566.8261	520.339	146.553	431.2139	298.8948	536.8441	510.9266	347.7891	281.0718	524.2718	1115.5893	428.8864
"TP53"	165.4811	956.3028	492.3527	706.779	738.9142	1116.8351	1039.6406	290.2942	496.2441	1073.6219	709.2266	648.4943	761.7376	270.0403	667.0025	780.6554	900.9699	609.3144	705.9377	579.2375	1687.0268	959.3614	254.4517	911.2315	925.6109	500.478	2833.4256	1482.4242	1313.4328	1118.4166	953.9808	195.3184	527.1186	680.1256	492.4855	1357.5204	847.1383	892.4276	754.2517	1363.74	620.8969	890.8663	683.5722
"CLDN7"	28.1841	18.9602	37.4434	22.864	39.3701	7.8195	6.871	30.303	22.5352	7.7691	8.054	29.595	6.5818	7.1652	6.0453	2.6427	1.6562	1.2937	2.2411	59.2559	152.4483	2.9028	24.836	2.9901	2.1601	111.3767	5.3127	53.3333	14.9254	101.0124	6.0203	19.6325	49.1525	19.7398	34.6821	0	15.4266	6.7762	0.8503	4.561	21.2668	19.5411	36.3837
"IGF1R"	4073.4116	428.9735	2685.8653	2087.0437	909.656	202.2882	1205.6025	2157.2244	1841.3146	1980.0222	1854.3172	694.704	3301.0092	2072.1003	1466.3308	1490.4863	2118.273	972.8331	1061.1477	1304.5475	88.844	1985.4862	490.1593	756.4941	698.2584	1403.4417	1583.6193	227.2727	348.711	1283.1305	1610.6531	908.1299	657.6271	2258.7109	798.8439	1308.025	1406.4611	402.5072	550.1701	1146.5222	779.9353	2404.2572	1249.1731
"RBM15"	117.5681	104.8734	54.2091	117.128	98.218	96.5544	202.9598	162.9337	102.3474	113.9475	105.1759	129.2835	100.0439	138.3789	112.8463	88.7949	65.4197	71.1514	120.4576	101.0565	123.6749	91.4369	140.5904	123.3414	122.5867	110.8987	144.3276	131.5152	188.6024	100.1024	95.3981	118.2985	54.2373	62.8084	84.3931	161.4608	104.9006	94.867	68.0272	103.7628	119.7411	102.9399	51.2679
"BECN1"	1233.5387	1300.631	1842.9864	444.0794	1399.7058	908.451	1014.6882	851.1682	1102.6667	687.7321	1200.2795	1471.8795	936.8407	1500.8598	1039.6507	1669.3235	1134.394	711.423	1012.1522	1332.2095	1770.4543	441.3788	860.1265	835.2383	1113.8491	1293.9675	511.2252	1065.5394	218.0733	615.4613	1595.8525	974.6489	847.3559	1537.7239	618.9249	518.3998	1079.1845	1010.1779	1508.801	1010.1995	1269.6764	1674.019	876.8357
"RB1"	2482.6189	1144.7193	953.9684	665.8644	928.7194	1920.2083	1085.6237	572.2442	1461.0329	160.9323	1224.6832	2232.0872	998.6836	1257.5011	1505.2897	618.9218	1357.2515	1217.3351	1417.4781	290.3078	1320.5452	1917.2714	81.537	438.049	1540.7047	1000.478	1966.5744	953.9394	514.2469	1168.9228	916.933	1345.0793	1466.1017	1207.1183	1253.1792	1559.3465	1396.7644	733.8641	1823.9796	1019.9544	1429.0337	1316.9327	1008.8203
"ESR1"	34.6262	6.5176	46.944	12.8359	121.84	8.1595	18.4989	69.8287	10.3286	109.8779	4.2639	79.4393	159.7192	25.5262	5.3736	19.556	23.1867	10.3493	1.6808	21.5893	59.5659	4.3541	1.4058	6.7277	7.0204	140.0574	17.7089	140	66.4858	58.6964	6.9465	4.5306	162.7119	48.4522	9.2486	49.4954	40.109	8.1315	40.8163	34.7777	90.6149	88.284	101.9846
"PTEN"	2957.7228	1185.0096	909.8187	2018.4517	1872.7725	1599.607	879.4926	2471.6733	1120.1878	1024.7873	1179.2017	1000.5192	1896.4458	1051.5002	961.2091	709.3023	944.8591	965.0712	900.3507	1416.169	1390.207	1506.5312	1112.4649	1125.7709	1429.9986	1420.6501	1479.1367	1480.6061	1499.3216	1243.9995	627.9602	1920.4631	1022.0339	1821.4446	972.2543	1417.5877	1202.3898	1984.7535	1631.8027	2112.3147	1264.4475	1352.5255	1547.409
"PIK3CA"	583.4114	192.5641	216.2775	344.9659	265.23	242.0659	220.9302	247.6943	344.6009	489.4562	163.449	412.7726	377.3585	305.8665	211.5869	129.4926	120.0741	99.6119	196.6541	252.6412	195.8607	92.8882	523.8988	145.0196	167.9492	183.5564	208.5224	208.4848	137.0421	194.7446	166.252	650.3901	189.8305	573.6504	228.9017	249.3993	293.9861	430.2897	283.1633	453.8198	472.9542	553.7817	318.0816
"CDKN1A"	645.4165	5932.7507	4286.9897	1406.3377	4181.9312	1271.866	3147.9915	6501.9763	7551.6432	15533.8513	6216.7476	8304.7767	9111.8912	18609.494	11018.6398	484.1438	8781.1442	5822.7684	3561.6239	10730.3629	4869.258	8046.4441	2479.3814	3052.8873	12208.9915	2370.4589	738.9043	1073.3333	2895.5224	9000.5688	5403.8847	937.327	4388.1356	3450.8748	2754.9133	3419.0293	8909.056	3106.2172	5278.0612	4016.5336	5417.938	3503.7948	13205.6229
"GATA3"	922.0236	21.9227	2.2354	738.8688	50.9739	388.2574	19.0275	848.4848	7.5117	329.2638	1.8951	21.8069	30.2764	1.3435	8.7322	6.871	5.7967	12.9366	26.8929	261.3689	2.0192	17.4165	9.8407	8.2228	174.4296	124.761	525.5119	44.2424	648.5753	130.5881	20.8394	73.9995	28.8136	1.1964	20.8092	22.5853	14.545	50.8216	33.1633	137.4002	26.3523	8.0258	11.0254
"PEA15"	11211.6417	2547.7707	2417.0552	3874.4485	6978.0274	6499.0621	4226.7442	2772.0641	2336.6197	6937.0958	2541.7506	3973.001	2146.5555	4255.7053	1731.6541	10225.1586	2766.6732	2054.3338	1517.7661	5525.4938	6073.1954	5220.6096	2964.3861	3287.6023	7805.0493	1996.1759	9654.0077	4577.5697	6396.2008	5415.5386	1838.4971	3580.1611	3569.4915	25518.1576	3634.6821	1848.1499	4731.5449	1466.3663	2973.6395	6291.9042	3335.6449	1656.8089	2489.5259
"SMAD3"	1256.6094	524.9593	407.4065	877.6574	2392.0431	1530.591	1052.3256	654.3698	267.6056	1747.3178	379.486	259.0862	930.6713	1072.996	649.5382	1366.8076	673.2431	250.9702	584.3596	932.0165	507.3195	567.4891	535.1453	814.0534	1076.2792	1258.6042	1218.373	1164.2424	951.1533	1013.3091	261.187	1458.8472	749.1525	1312.9954	405.7803	1372.8976	293.9861	300.864	465.1361	559.8632	626.9071	2869.057	667.0342
"RAF1"	3530.2632	1662.5685	1695.5712	1632.9723	2255.2839	1899.1296	2085.0951	1550.7246	2699.061	1688.8642	1648.7031	1339.0447	1361.5621	2711.5987	1794.1226	2541.6438	1605.6807	1596.3777	1682.4849	2197.5195	1795.5578	1252.5399	1641.0497	1311.1568	1650.3308	1686.9025	2046.7072	3141.8182	2025.7802	2281.8792	1583.3303	2258.7465	2970.7458	1720.3529	2052.0231	1667.9481	1558.5228	1390.4794	1744.6599	1539.3387	1627.3694	2402.8614	2767.9162
"EIF4G1"	17078.373	10783.5876	7865.9079	13821.9013	7317.4472	9494.9679	7644.2918	7270.0922	18534.7418	10942.6563	13704.6074	16615.784	9651.6016	13110.1657	12680.4366	6860.9937	7419.7522	5223.8034	9471.3311	9737.2531	9456.3352	4091.4369	11257.732	6872.7341	11185.0952	8570.2677	8878.3619	7391.5152	4324.2877	8849.0502	8792.3691	6358.4193	11311.8644	11113.5038	9114.4509	6570.3988	10291.7162	14900.2202	8613.9456	11842.6454	9491.9094	8918.0843	14484.5645
"AXL"	356.3279	363.2055	257.6329	192.9402	825.114	130.2124	266.9133	180.9398	300.4695	219.0159	108.966	1725.8567	310.2238	235.1097	195.466	1277.4841	229.383	375.1617	95.8058	102.4345	309.9445	169.8113	146.6729	174.9206	82.0845	126.673	410.404	727.2727	678.4261	526.4475	257.4822	327.7121	700	80.1555	460.1156	203.2677	581.3608	147.7215	91.8367	232.6112	657.4202	205.5308	678.0595
"ATM"	835.8607	780.9213	1023.8255	695.9487	570.6589	444.0142	464.0592	425.9991	922.5352	1186.4595	1068.3406	1511.4226	942.0799	922.9736	1348.1108	559.1966	813.1916	842.1734	997.2771	712.4483	584.0485	796.807	850.0469	826.0138	833.2658	911.0899	921.7488	1046.6667	1401.6282	1101.5812	779.3931	1043.0405	1040.678	1522.3568	1060.1156	847.6694	1030.4939	675.5887	580.7823	621.4367	972.7231	2196.2837	659.8677
"MAPK1"	4155.9508	1929.7882	1581.0056	1468.5118	2222.1301	1800.5353	1915.4334	2363.1972	1538.0282	3026.6371	3140.5898	1427.8297	2412.9004	7535.6023	2808.3963	2503.6998	2295.4858	1909.4437	2342.4806	1688.5622	3080.7673	1499.2743	2496.7198	1320.8746	2776.2927	1268.6424	2778.0852	2068.4848	1774.7626	1738.1413	3188.8894	2372.5145	1747.4576	3245.7006	1243.9306	2538.2028	2803.6662	2199.5595	1474.4898	2346.0661	2794.2672	2126.145	2039.14
"TP53BP1"	1580.7269	926.6775	837.7262	914.1596	912.557	1254.867	1458.2452	662.2749	1818.3099	1740.2886	1446.4053	1775.7009	1423.4313	1523.9588	1250.7137	723.0444	1098.8852	1260.0259	1019.1276	661.4607	1037.3549	609.5791	788.1912	1239.3945	2498.7174	920.6501	1344.1063	941.8182	527.8155	997.3837	1106.3399	988.6735	644.0678	1796.3212	1490.1734	2096.1076	1919.0635	1059.1225	670.068	1164.7662	1018.9552	995.8999	1475.1929
"NEK7"	2243.4565	1980.7436	1940.9093	1052.9483	762.9507	1155.9328	916.4905	2073.7813	2358.6854	964.4839	2984.2473	4054.5171	1105.7481	2034.4828	4981.3602	417.5476	1908.7644	851.229	1637.6635	915.0207	1089.8536	1271.4078	1950.328	1489.815	916.4304	999.522	890.3154	990.303	1432.8358	2103.0599	1537.9468	641.8324	555.9322	3191.2666	1641.6185	925.036	1827.3857	2051.838	1510.2041	1381.4139	1587.1475	1932.1295	906.8357
"BIRC2"	1087.102	914.2349	1180.8642	2002.4067	822.6274	614.0043	1029.5983	1080.3689	682.6291	977.0625	563.7806	644.8598	868.8021	1660.5464	703.9463	1150.6342	577.1838	633.8939	721.6252	1338.0799	659.7678	496.3716	943.299	1139.2263	846.2265	867.1128	1031.544	984.8485	563.0936	845.8651	703.9082	849.7357	515.2542	1085.6886	435.8382	1093.7049	733.4225	1156.0224	792.517	1025.6556	730.0046	2761.5807	565.6009
"NOTCH1"	667.1585	338.3202	279.4283	425.9928	1469.9544	558.5875	227.2727	243.3026	401.8779	247.8727	244.9366	491.1734	384.3791	215.8531	436.6079	239.9577	547.3723	126.7788	346.2456	143.3165	178.6976	220.6096	265.2296	151.7473	199.271	191.6826	599.8893	601.8182	112.6187	273.0065	245.4417	902.0891	735.5932	136.9822	319.0751	325.8049	733.8633	233.7794	260.2041	526.7959	798.4281	947.396	1132.8556
"MAPK9"	1750.2343	1466.4494	751.1034	806.6586	684.6249	1027.7602	1043.3404	998.6825	2204.2254	1367.7395	2475.8972	1951.7134	3590.1711	986.1173	2680.1008	1000	1890.5462	2196.6365	2006.8801	644.9242	873.2963	3146.5893	1613.8707	2226.8735	1853.3819	913.0019	1254.2335	728.4848	540.0271	964.1679	1844.9804	1495.5953	2620.339	2201.2861	1322.5434	1340.7016	1885.5658	1846.5187	1903.0612	1740.5929	2419.7873	1117.683	1888.6439
"YWHAZ"	10031.9387	12205.0067	11155.3384	11113.919	9000.4144	14603.8508	13775.8985	10618.7967	17203.7559	13727.34	17269.6909	14984.9429	8643.2646	10871.9212	23090.5122	7996.3002	14616.7462	5376.4554	17931.9386	14564.079	11551.2367	7972.4238	25111.059	12524.7617	14602.4031	12479.4455	11639.181	15319.3939	13207.5984	12766.2382	12140.564	18978.6056	13000	9390.16	16243.9306	8596.8284	7811.1261	6619.0073	8799.3197	10182.4401	7410.5409	6528.134	24735.3914
"VASP"	994.8997	1495.4822	962.3512	1149.6189	1859.0966	1323.883	1828.2241	697.848	1040.8451	1094.7096	713.0167	1477.1547	2317.2444	988.3565	1210.4114	728.8584	1953.4816	1236.74	1066.7503	1489.6647	1108.531	3969.521	1596.5323	908.2415	1932.2263	2678.7763	4525.0692	1447.2727	1248.3039	2246.8434	801.1587	2050.8432	2149.1525	585.0157	2003.4682	1527.1504	1169.7736	1334.9145	1549.3197	3396.8073	1039.2973	970.0776	2111.3561
"XRCC5"	3982.4171	3291.3642	6416.2337	6913.3574	4833.4024	3489.5571	3890.0634	4568.2916	2986.385	4019.2379	3342.4138	4382.1391	2960.509	5205.5531	3934.8447	2123.1501	3352.138	2998.7063	3939.2445	4247.1291	4709.2378	2316.4006	3596.5323	3300.3177	3634.3999	3430.6883	3817.5982	5960	5192.673	3699.2379	3582.9853	2713.8183	3347.4576	4481.5313	2168.7861	2894.2816	3482.8754	2850.0762	2949.8299	3243.4436	3402.6815	4505.2779	3298.2359
"ITGA2"	973.1576	936.1576	114.5656	509.0253	104.0199	174.7498	184.4609	177.8656	175.5869	2510.5438	1014.3314	232.6064	3225.9763	5649.7985	1017.6322	1092.4947	306.396	49.1591	105.3304	410.1975	1805.6537	66.7634	270.8529	713.1377	108.0059	53.0593	507.803	272.7273	13.5685	356.7285	290.3621	701.2333	210.1695	6316.734	467.052	389.2359	1316.5463	711.5026	622.449	3513.1129	2285.252	246.0089	94.8181
"CASP7"	274.1913	277.8848	438.1436	592.0578	920.0166	225.0669	332.4524	471.2341	250.7042	372.549	273.3625	206.6459	321.1935	721.451	548.1108	482.5581	266.6473	155.2393	340.643	378.0432	289.7527	394.775	362.2306	241.4502	245.1735	398.1836	85.8882	615.1515	109.905	148.3335	148.6543	244.6514	215.2542	321.8185	257.8035	223.9308	182.9149	145.6886	179.4218	500.5701	224.6879	397.4527	270.6725
"BAP1"	5964.9691	2914.5312	2959.705	7223.4256	2289.2665	2133.7159	2234.1438	1965.7444	3672.3005	5788.7532	2281.6534	3227.9335	1634.9276	1935.0649	1657.7666	2721.4588	2120.7573	2075.0323	2779.4897	2626.5503	5694.0939	1896.9521	1761.9494	1771.6315	1873.9031	2551.1472	2166.6851	3022.4242	3431.479	3369.355	4025.2434	2813.9945	3420.339	2579.9312	2285.5491	2417.5877	2034.1015	2699.6442	1562.9252	1557.0125	1601.9417	2342.4932	3111.3561
"STK11"	1512.6824	2987.4093	3416.291	2050.9426	1285.5367	2845.2945	2612.5793	4251.6469	1303.7559	2329.2638	1465.3559	885.2544	2227.7315	1734.8858	1514.0218	3631.6068	2760.8765	1874.5149	2276.9293	2322.4621	1990.9137	3300.4354	2769.9157	2347.2248	2140.6777	2752.8681	2272.4958	1872.1212	1032.5645	2267.7739	2123.7651	1339.5419	2400	2161.2083	1554.9133	2842.3835	1935.8123	1955.6158	1803.5714	978.3352	1802.1267	1466.9807	1826.3506
"ADAR"	10011.0019	3548.5113	3462.1172	3186.5223	5753.0046	4183.4567	3614.1649	3444.4444	3500.939	5042.1754	4626.3177	7396.6771	3043.0013	5209.1357	4020.1511	7719.3446	3564.131	3181.1125	3773.4052	4452.4575	5914.1848	2387.5181	1996.7198	4321.4352	4417.983	3445.9847	3429.7731	2994.5455	2310.7191	3325.219	4425.3597	2880.443	3066.1017	36943.3229	2626.5896	2727.0543	5023.3272	5918.3466	2889.4558	5076.9669	3816.4586	5585.9723	5632.8556
"BRCA2"	29.392	31.9953	8.3829	63.7786	95.317	31.2782	155.9197	37.769	31.9249	56.6038	45.4815	38.9408	24.1334	171.5181	116.8766	16.3848	31.4677	31.0479	94.6853	14.2398	13.6295	26.1248	158.388	8.2228	165.7891	62.6195	173.5473	141.8182	16.2822	13.1953	10.1881	34.2311	10.1695	3.5891	15.0289	50.937	27.7678	25.072	68.8776	26.7959	15.7189	16.0516	20.3969
"EGFR"	126.4259	635.7517	377.2283	401.5203	267.7124	99.2742	533.2981	59.2885	617.3662	285.2386	173.3981	214.9533	1771.3734	47.4698	186.0554	50.74	86.1221	102.1992	129.4219	139.6417	71.681	253.9913	424.0862	35.8811	792.202	304.4933	170.8866	216.3515	56.9878	217.4952	195.8902	120.8155	127.1186	1280.0957	141.0405	1180.6776	1465.9591	629.5104	169.2177	763.9624	1457.6976	108.1706	458.6494
"CCNE1"	321.7017	279.6623	665.0395	1218.211	163.2822	744.2167	1820.8245	1199.3852	249.2958	684.4247	533.9334	969.8858	412.4616	526.6458	1059.9496	309.7252	639.2911	853.8163	1275.17	1096.9224	221.6052	532.656	865.0422	725.8456	335.8985	2444.5507	2886.995	630.9091	1037.9919	274.8265	450.5939	462.6227	266.1017	58.6212	167.6301	1078.8083	237.569	414.7044	491.4966	425.8837	180.7675	645.2063	371.5546
"FASN"	3878.9411	7206.0435	1969.9698	7876.0529	1627.8492	4789.9815	5099.3658	22058.8494	2884.507	5820.5697	1265.427	1201.4538	3644.1422	16864.3081	1049.2024	1292.8118	1023.5283	2020.6986	4593.6376	8073.4956	17089.3488	1336.7199	2656.5136	3682.3024	5478.0613	842.7342	13266.6298	4782.4242	3624.152	3196.9059	3824.7222	1280.6443	461.0169	835.6513	1875.1445	5373.8587	1204.5936	2929.358	2361.3946	8066.1345	773.4628	1206.316	1390.849
"EEF2"	60493.2021	138357.5767	38989.7548	105764.9418	33377.1239	66909.4692	53806.5539	124748.3531	48983.5681	40381.798	35473.6468	18423.1568	61866.6082	31297.8056	46419.4794	62663.8478	37130.2287	50447.6067	37699.8756	69171.3367	53960.6259	60445.5733	39411.9025	45575.0327	63429.1886	40808.3174	89845.2684	59613.9394	54428.7653	35546.3542	25417.5692	79133.6522	70132.2034	27541.7975	38145.6647	143940.4133	94731.3906	48243.2661	30827.381	19684.7206	94239.4822	30466.719	86059.5369
"MTOR"	1274.7278	1429.7141	1038.9146	1612.9162	1077.4969	808.133	1137.4207	1018.4453	1000	1261.1913	994.4333	658.8785	1248.3545	1931.9301	927.6238	1265.3277	619.4168	727.0375	767.0069	901.2402	951.5396	568.9405	765.6982	757.9892	906.7099	547.8011	1345.4344	793.3333	976.9335	521.8974	807.1789	1940.599	723.7288	542.5452	646.2428	543.9692	1253.9586	908.6905	633.5034	786.203	742.4873	1324.9586	664.2778
"SERPINE1"	1629.8478	5576.0628	8854.5254	272.7637	14390.7998	394.3771	8840.9091	313.5705	188.2629	1985.2016	622.0538	3026.999	1073.7165	12068.5177	603.8623	4001.5856	406.5958	755.4981	60.5089	1765.7327	1167.5921	9393.3237	3737.1134	1921.8838	31268.7998	294.9331	602.5457	2993.9394	80.0543	2988.511	6637.5764	591.996	205.0847	789.5917	360.6936	1214.8006	2173.822	8.8091	69.7279	455.5302	660.1942	1762.1914	347.8501
"YWHAE"	9881.3549	7802.1034	8633.777	8570.3971	9157.4803	9467.4295	8375.7928	7216.9521	9643.662	5582.3159	8703.5414	9439.2523	7432.6459	5379.7582	9306.4652	8930.7611	9393.1082	10090.5563	9260.11	9177.3082	11019.1822	9195.9361	11430.1781	7008.0359	8733.9004	5958.891	9731.9314	15421.2121	19013.5685	15348.4245	8880.3576	8380.0654	11400	8029.3106	13635.8382	7780.394	7183.0449	8388.2771	15986.3946	8281.0718	7822.0065	7663.2644	8272.3264
"MAPK3"	1699.3821	2347.2434	2543.4239	947.136	1584.281	1787.8812	1511.3742	766.4603	2174.7793	997.2364	1894.971	1824.8131	1255.1294	881.7331	1750.4349	1832.167	2578.8939	1264.6184	1979.9872	2578.3004	2206.8804	1215.6894	1947.4227	1378.1574	1987.0177	1065.6979	1062.2512	1079.1818	1152.3609	1217.0675	721.5893	1020.1057	1131.1525	1106.0685	1386.5434	870.2066	2571.144	1098.7769	1406.4286	1190.0912	3244.2395	1013.4694	2446.1246
"INPP4B"	578.5799	20.1452	4.4709	17.6494	40.6133	79.2154	26.9556	131.3131	88.7324	142.4343	117.02	380.0623	14.48	75.2351	14.7775	85.6237	81.9816	19.4049	135.5849	225.9991	26.2494	10.1597	12.6523	193.6087	4.3202	8.1262	9.7399	20.6061	20.3528	20.4755	43.0681	21.6461	71.1864	113.0552	26.5896	56.223	208.4789	7.4538	34.0136	320.9806	375.4045	200.6456	25.3583
"PCNA"	688.498	1216.4124	1118.8311	2697.152	2113.1372	1663.8632	2551.2685	2687.747	2177.9343	1650.0185	2368.3525	1420.0415	1879.7718	4362.7407	3142.2334	2407.5053	4113.9876	2072.445	3801.9789	1494.7175	1559.3135	3235.1234	2976.1012	2456.3633	1926.2859	1188.8145	4016.3807	8136.3636	1451.8318	1703.1054	1055.3992	1884.7219	1372.8814	1304.0227	1965.3179	879.8654	2096.2485	1519.9051	2838.4354	3632.2691	2269.5331	1262.8457	1174.2007
"ACVRL1"	427.9961	276.6997	419.7014	439.631	3811.0236	328.0809	410.148	249.8902	292.4883	158.7125	270.9937	305.8152	256.2527	485.8934	335.1805	81.9239	529.1542	221.216	133.3438	785.944	207.471	310.5951	178.538	141.282	274.3351	223.2314	354.1782	440.6061	371.7775	373.5639	394.096	467.6567	481.3559	157.9183	327.1676	206.6314	507.754	275.792	68.0272	183.5804	658.3449	580.3018	528.6659
"TSC1"	1147.094	853.2069	739.9263	1112.3145	704.5172	948.5448	967.759	855.5116	914.0845	755.8269	792.1355	1073.2087	1008.7758	929.691	628.0437	700.8457	452.9692	714.1009	1184.9669	631.6031	1141.8476	1235.1234	1317.2446	370.7718	578.9118	1886.7113	1111.2341	909.0909	2080.0543	1002.8438	607.5839	1659.703	718.6441	2008.6735	1438.1503	719.8462	629.4035	1097.7469	1442.1769	1134.5496	434.1193	1387.0714	1404.6307
"CHEK2"	99.8523	879.2771	177.1576	601.6847	582.6772	57.4567	533.2981	208.6078	40.8451	592.6748	54.0092	67.4974	369.4603	285.7143	88.665	1260.0423	153.198	195.3428	133.9041	294.9012	363.4528	142.2351	417.5258	184.6384	162.0089	139.5793	385.6115	323.0303	194.0299	63.2465	218.582	289.9572	72.8814	259.6082	80.9249	208.073	59.9432	300.1863	132.6531	554.732	63.8003	178.3128	66.1521
"BAK1"	400.2146	963.4128	704.1594	2865.6237	527.5591	708.1788	1487.8436	1083.004	618.3099	1384.0178	812.0336	280.3738	1606.4063	1231.9749	709.9916	1455.074	1015.2473	606.727	621.3372	1678.4566	1061.5851	846.1538	773.6645	532.9845	516.8084	952.1989	1140.8965	759.3939	534.5997	390.3993	268.5965	602.0639	684.7458	621.5044	832.3699	102.8352	894.7402	481.1113	295.068	640.2509	505.3167	677.3096	411.7971
"SMAD4"	1502.8743	740.0385	672.3046	791.0148	1324.4923	972.3435	919.1332	908.2126	806.662	530.5216	377.1171	841.1215	965.0066	908.1953	973.9715	1424.4186	698.9142	554.9806	699.2145	683.0501	1592.1252	605.225	1020.15	654.8309	855.9471	1615.2008	965.5783	1530.303	811.3976	653.3955	856.7304	1124.591	772.8814	1123.3737	826.5896	1038.6016	787.3229	766.207	666.6667	132.2691	917.8456	2144.9045	736.505
"TSC2"	2486.2426	2739.1498	1346.8446	1064.9819	1435.9718	1423.1572	2024.8414	2032.0597	2345.5399	1376.2486	2899.9171	1731.568	1796.4019	1270.936	2101.0915	1503.6998	1955.9659	1983.1824	2925.7197	1877.3542	1232.206	1306.2409	2119.0253	1553.3545	2326.988	2218.9293	1367.1278	1557.5758	2241.5197	792.6288	906.2818	1144.7269	1225.4237	1410.498	1228.9017	1352.715	2704.9363	1913.6033	1551.0204	1954.9601	1707.8132	1488.9645	1957.5524
"PECAM1"	1155.5492	946.2302	1104.3008	730.4452	2210.9407	980.163	843.5518	742.2047	605.6338	385.4976	456.2359	912.7726	591.0487	1813.7035	805.3736	294.926	1797.7993	1257.4386	301.9845	1188.7919	1112.5694	715.5298	498.1256	826.7614	828.4056	1973.7094	777.8639	2201.8182	849.3894	791.7188	771.5204	733.4508	2406.7797	216.5396	1619.6532	1138.8755	1155.2286	349.6527	323.1293	271.3797	1362.4595	1108.6103	1657.6626
"CTNNB1"	62658.3913	6337.4256	8800.3107	6682.2984	7241.1935	15656.076	6880.0159	4431.2648	6862.4178	10269.6707	6486.7701	7333.8214	5933.7253	20345.6919	5113.6793	21124.7304	3305.7646	2853.7775	5548.3231	17288.011	17062.5896	2468.7954	3697.7413	9091.3773	7898.4636	20366.152	9263.513	7047.8788	4605.1425	8395.3407	7195.5996	10080.5135	4740.6441	5637.7748	3588.3584	14416.6074	5977.5522	7543.256	6266.9728	9478.3238	8148.4004	5258.9863	8120.1654
"LCN2"	439.2697	509.5541	0	1.6045	0.8288	0	85.0951	15.3711	181.6901	22.9375	2391.567	184.3198	12.7249	26.8697	262.6364	33.2981	413.2206	168.1759	110.3728	174.5521	316.5068	4.3541	14.9953	8.2228	9.1805	191.2046	2.6563	1.2121	2.7137	584.2339	501.0715	35.7413	237.2881	82.5482	215.0289	67.2753	2288.4193	4.0657	0.8503	651.6534	310.2173	5.5832	329.6582
"YBX1"	4452.2868	5243.6676	5470.6481	5703.57	9914.2147	4702.9465	6790.6977	7921.3878	3123.0047	3016.6482	3373.6823	4014.0187	3095.656	4864.7559	3279.2611	2536.4693	3547.569	3818.8875	3898.345	5368.3969	3227.6628	3049.3469	4604.9672	2762.1005	5675.1721	4183.5564	7528.5003	7869.0909	3983.7178	3021.7268	3449.1502	11522.2754	4703.3898	2979.5125	3801.1561	2537.2417	3684.7429	3214.6366	2902.2109	2395.667	3547.3879	3455.2909	3843.9912
"RPS6"	20627.1572	21680.3437	13973.0938	20075.4112	15559.0551	6238.2972	19056.0254	28571.805	10936.6197	13478.7273	5766.6706	10998.4424	18918.3853	10012.0914	15809.9076	12192.389	25349.7159	15248.3829	10965.0057	17062.0119	17148.9147	30410.7402	22799.9063	10886.937	11624.1393	26211.7591	42941.0072	17743.0303	42240.1628	20702.0817	8707.6222	79873.1437	38605.0847	14326.3048	32351.4451	20162.4219	17100.5569	14181.9414	24347.7891	9289.0536	26331.9464	7618.599	39014.333
"NFE2L2"	2491.8392	1769.8119	2928.845	2487.5933	2534.6042	1114.0812	1598.8372	2179.5608	1979.6901	3188.9456	1792.6898	1804.2575	1305.2216	1525.8307	2140.3123	1666.3901	2286.9896	1878.2277	1861.6474	1207.8043	3101.9132	1050.7983	1710.7826	1100.3177	2105.2194	3114.3881	1857.1555	2234.9091	1025.7802	3361.1148	1597.2233	1761.3894	1830.5085	3242.7097	1099.422	1895.2427	1811.5889	1034.7281	1600.0765	1360.6727	2156.8516	2236.4686	1592.0617
"MAPT"	153.4022	888.7572	1959.9104	297.6334	45.172	117.9731	165.9619	38.6473	13.615	27.7469	243.9891	241.433	137.7797	114.644	2.0151	156.9767	14.0777	40.1035	176.4844	230.5926	36.3453	172.7141	213.6832	258.6432	2182.8001	309.2734	390.0387	5.4545	10.8548	3.6401	225.5285	303.0456	118.6441	264.3936	38.1503	2420.9515	17.1896	458.0722	899.6599	517.1038	36.061	206.5777	197.9052
"CDH3"	2.4158	21.3302	0	6.0168	4.1442	1.6999	33.8266	3.9526	5.6338	1.1099	6.1589	4.1537	7.4594	0.4478	4.7019	4.7569	6.6248	25.8732	44.2612	1.378	1.0096	7.2569	3.7488	10.4653	18.361	20.0765	2.2136	9.697	17.6391	20.0205	16.6715	6.5442	15.2542	4.7854	5.7803	10.0913	24.6825	0	7.6531	2.8506	21.2668	0.6979	3.8589
"PRKCA"	78.1103	1570.7303	6284.3435	762.5351	1466.639	625.9036	1929.1755	3196.7501	9818.7793	604.1435	9712.1876	1455.3479	1067.5735	2188.5356	3424.3493	346.1945	4305.2781	5190.1682	8129.4891	134.5889	250.8834	1238.0261	439.0815	1290.2261	892.1291	4458.413	138.5722	68.4848	1553.5957	205.2099	2262.2313	173.1689	1242.3729	4716.0162	5967.6301	945.2186	4613.8623	453.3288	3187.0748	630.5587	2478.0398	2452.4121	6228.2249
"ANLN"	620.8561	191.3791	26.2663	1609.7072	908.8272	186.9891	1559.1966	573.5617	812.2066	857.1957	980.2203	654.7248	109.2584	2336.3189	793.283	454.5455	1202.3973	354.4631	1025.8508	449.7014	123.1701	364.2961	2021.0872	106.8959	666.3967	338.9101	1761.1511	3527.2727	222.5237	308.0423	122.7208	531.0848	167.7966	15.5526	123.6994	626.1413	161.3177	333.3898	482.9932	188.1414	154.8775	55.8318	316.4278
"PDCD4"	2166.9809	1199.4608	8595.3444	2579.2218	1761.177	5565.1466	3572.6057	2115.2701	1507.6901	1490.9952	3063.3708	8585.9709	1796.8934	867.5325	2399.5903	2042.7431	2799.8965	4012.5614	7145.2215	923.2246	1175.3559	7017.5036	7655.9747	927.5649	3982.0602	9248.217	2393.2131	2634.1758	4771.2754	5942.3592	4319.2316	4086.2673	4683.2542	2072.134	1329.0289	4669.1446	954.3837	2635.7174	1609.1752	2273.2155	1575.8946	4671.3565	1323.7652
"SHC1"	4235.6716	2926.9738	1832.4911	4034.0955	3285.9511	3169.9757	2126.8499	5892.4023	2053.9906	5064.7429	2791.8986	3070.6127	2231.6806	1582.6243	2808.3963	4524.3129	2861.9044	2379.0427	2362.6503	3033.073	3184.7552	2619.7388	1698.6879	3277.1445	3124.0718	2409.1778	4612.2856	1870.9091	3318.8602	4075.9868	2545.6469	1423.106	2513.5593	18687.6028	2984.9711	1954.3489	3307.4535	2443.5033	2204.932	2295.325	2531.2067	2813.5741	3103.6384
"TTF1"	192.4573	180.1215	276.0752	234.657	370.0787	316.1816	380.0211	170.8388	213.1455	201.2579	197.0863	297.5078	271.1716	202.4183	224.3493	320.296	216.1334	146.1837	219.0648	275.6086	205.4518	246.7344	354.7329	183.8909	199.271	675.4302	331.5993	395.1515	191.3161	308.0423	169.9568	420.8407	172.8814	281.1425	186.1272	172.5132	220.3794	212.7732	312.0748	302.7366	200.1849	216.6972	327.4531
"SMAD1"	328.1438	234.6319	289.4878	175.2908	834.2312	471.8926	306.0254	281.5108	453.0516	184.6097	382.8023	267.9128	458.9732	188.9834	308.984	378.9641	420.6735	115.1358	436.4488	123.5645	275.1136	161.103	410.0281	603.2517	215.4719	386.2333	246.5966	424.2424	284.9389	215.6751	487.1786	239.114	291.5254	237.4757	317.9191	775.1081	280.7633	252.7528	336.7347	480.6157	376.3292	811.6549	306.505
"STMN1"	2373.5061	889.3497	1155.7156	6681.5082	2533.7754	1981.7448	4406.9767	4875.7137	821.1268	1475.3977	927.6324	1238.837	523.0364	2759.0685	881.9479	1577.167	1721.6144	1913.3247	2238.8311	2212.2186	1005.048	2679.2453	5344.8922	1050.271	1294.9912	2611.3767	7375.3182	11314.5455	3759.8372	1866.9093	688.1629	4428.895	1511.8644	183.6399	809.2486	2432.9649	685.3798	2252.414	2499.1497	2380.8438	1331.0217	445.9566	1794.9283
"RICTOR"	418.7356	478.1514	629.2726	383.0726	653.1289	643.9226	477.2727	452.3496	923.4742	352.2013	883.0984	815.6802	1317.2444	1240.9315	1357.5147	262.1564	883.5799	821.4748	784.3752	376.6651	520.4442	1010.1597	616.6823	461.2222	551.3703	662.5239	396.2369	341.2121	317.5034	625.1848	1032.7074	686.1314	840.678	729.7742	894.7977	703.9885	747.9676	669.4901	1340.9864	551.8814	828.479	922.2717	495.0386
"JUN"	1802.1736	2634.2764	2050.4452	1877.2563	12417.7373	4729.125	6991.5433	2966.1836	2474.6479	3772.845	2193.0593	3996.3655	1791.5753	4228.8401	6425.5248	2627.907	2436.2624	2377.749	1188.8888	1832.7974	2109.5406	4645.8636	5478.4442	3355.6345	6171.4594	3266.2524	3379.3027	5647.2727	382.6323	914.1167	3304.6637	1139.6929	6413.5593	936.1448	3442.7746	1563.6713	3092.3632	1044.2148	4733.8435	1518.8141	4259.362	5209.4565	8607.4972
"EIF4E"	371.2252	516.0717	822.0782	344.5648	421.4671	753.3962	1066.5962	671.9368	881.6901	404.7355	785.5028	827.1028	896.007	442.9019	367.4223	423.3615	430.6106	542.044	843.7637	533.7621	620.8985	844.7025	942.8304	872.3603	1123.8018	568.3556	452.9054	712.1212	578.019	305.3123	1159.5961	323.6849	767.7966	568.2668	597.6879	1058.6257	395.8013	1143.1476	768.7075	705.8153	423.0236	468.9872	442.6681
"CHEK1"	125.218	73.4706	120.713	462.0939	196.0215	47.9372	252.1142	136.144	154.4601	252.3122	143.5509	150.5711	79.8596	411.1061	147.1033	68.7104	166.4476	90.5563	200.0157	274.2306	62.5946	56.6038	347.2352	92.693	99.9055	219.4073	206.7515	693.9394	225.2374	84.632	91.6933	87.0878	93.2203	76.5665	73.9884	276.79	62.5877	159.9187	89.2857	79.8176	79.5192	53.3892	107.4972
"CDH1"	10.871	23.7002	0	0	2.0721	0	2.6427	0	0.4695	0.37	0	2.0768	1.3164	36.2741	0	0.5285	0	9.0556	0	0	0	0	0.4686	0	14.0408	1.912	1.3282	0	2.7137	8.6452	6.4834	1.5102	1.6949	0	0	0.4805	2.2038	0	1.7007	0.5701	13.8696	246.7068	8.8203
"STAT3"	2609.8502	3786.6983	2059.9458	913.3574	4825.5284	1826.7138	3488.9006	1984.6289	3260.5634	1867.5546	3871.6096	5975.0779	2835.0154	5187.6399	5045.1721	4206.6596	3126.8956	2569.2109	2550.9004	1963.2522	2940.4341	1927.4311	1713.2146	2988.6003	2539.2197	3142.4474	2137.0227	2003.0303	778.8331	1742.6914	3104.1425	1315.3788	2888.1356	3419.1715	2375.7225	1080.2499	3897.1886	1794.3419	3687.9252	3339.7948	3703.6523	2379.4818	3175.3032
"ACACA"	1393.5038	2093.3195	977.9992	2931.0068	909.2416	1616.606	1273.7844	1088.274	1651.6432	1207.1772	1072.1308	1013.4995	1351.0312	3643.5289	1605.3736	690.8034	962.2491	763.26	2534.0923	1216.3528	1413.9324	650.2177	990.6279	743.7862	1641.1503	1217.9732	1784.6154	2229.697	649.9322	929.1321	1805.154	974.5784	764.4068	2116.9433	1283.237	463.7194	1038.8683	1203.4559	676.0204	1420.7526	663.8927	1080.3455	386.9901
"WWTR1"	573.6195	51.7968	59.4903	281.9695	219.5441	256.1479	29.0698	267.365	210.1831	295.5346	193.9169	251.8744	168.8635	160.7747	198.1797	61.7495	117.5153	66.4942	87.9285	525.2825	92.3877	17.4165	218.3083	85.8157	80.189	99.675	135.0614	537.6909	130.2578	128.3267	91.3691	146.9721	72.0847	241.9261	83.4798	219.6828	127.3043	290.1169	71.5816	334.7035	274.6833	515.4078	88.4509
"FOXO3"	1068.1784	473.4113	657.7743	222.2222	4468.2967	686.0801	640.0634	375.9332	623.0047	421.3836	643.3732	563.8629	1245.283	614.8679	683.1234	728.3298	331.2389	558.8616	457.1787	413.8723	446.2393	423.8026	622.3055	705.6625	462.8055	656.3098	542.3354	875.7576	861.6011	544.1929	810.4206	351.8752	1813.5593	1816.6592	1564.1618	726.0932	621.4698	452.6512	1237.2449	773.6602	656.4956	1292.8553	1445.9757
"GSK3B"	2869.5467	1071.2487	544.8853	951.4641	852.8802	1532.2909	929.1755	832.6746	1668.5446	1431.0026	921.9472	1654.7248	1131.6367	1000.4478	898.7406	415.9619	882.7518	751.6171	974.3061	1540.1929	1381.1206	606.6763	1880.9747	656.3259	851.6268	1205.5449	1428.2236	792.1212	1432.8358	1215.7889	817.8302	1263.0254	1372.8814	1666.5171	1005.7803	1049.4954	1012.8635	1720.4811	1250.8503	2610.6043	1110.0324	1460.3507	1380.3749
"GSK3A"	1910.0785	3095.8377	1719.0432	2749.6992	1293.8251	3090.7603	3061.3108	3512.0773	1803.2864	1559.3785	1361.6013	1741.9522	2373.4094	2153.605	1209.068	2505.814	1288.5195	2646.8305	1366.4937	2502.5264	2122.6653	2801.1611	2717.4321	2450.3831	1665.9916	2276.7686	3424.0177	2378.1818	2772.0488	2042.0885	1758.8443	2270.8281	2601.6949	1394.9454	2040.4624	2748.6785	2757.3866	1768.5922	2693.0272	2105.4732	2338.4189	1291.4595	2267.3649
"PTK2"	2036.9071	1475.337	1308.2835	1176.0931	1341.0692	3146.517	1372.093	3401.8445	2488.2629	2152.0533	3233.9216	2496.8847	1324.7038	1929.2432	3058.9421	1202.9598	2673.9263	1203.1048	2400.1883	1596.2333	1956.5876	1185.7765	2460.1687	1461.4091	2311.3271	1454.5889	1690.3154	2933.3333	1940.2985	1554.3169	1918.1498	1517.2414	1279.661	2177.9572	1895.9538	1325.8049	1845.8975	1451.4654	1236.3946	1054.732	1601.4794	3126.9301	1952.591
"PARK7"	1424.1037	5949.3408	8410.7932	4556.7589	4220.8869	2773.8987	6104.1226	6675.4502	3829.5775	4231.5945	5131.8252	1983.3853	3630.1009	2804.2991	4077.246	5664.3763	7331.1458	6267.7878	4736.5059	4526.4125	4440.6865	6280.1161	4592.3149	3695.0103	5738.8956	3064.5315	7036.6353	4730.9091	8104.4776	6826.9821	6205.0434	5108.4823	4838.9831	5640.7956	6638.1503	2972.6093	4055.421	3700.4913	4261.0544	3071.8358	3642.1637	3019.1049	2312.5689
"TGM2"	5660.9832	904.1623	5784.1668	1540.714	901.782	813.5727	667.5476	739.5696	4563.3803	2236.774	4310.79	43615.2648	1028.9601	7918.0475	5638.9589	3198.203	9341.7661	1578.2665	358.5715	2248.5071	2603.2307	715.5298	428.3037	37244.6272	539.4897	1209.847	962.4792	4663.6364	318.8602	1345.922	1161.4485	2171.6587	6364.4068	2753.4021	1376.8786	715.0408	7993.6002	378.1128	1166.6667	423.6032	7533.5183	4772.5726	4773.4289
"BCL2"	59.1867	8.8876	66.5039	53.7505	314.9606	104.7139	60.2537	65.437	75.5869	48.0947	34.5849	196.2617	41.6849	28.661	26.1965	61.8393	74.5288	59.5084	67.7924	17.4552	37.8597	44.9927	28.1162	6.7277	18.901	97.0363	74.8201	185.4545	213.0258	37.7659	42.605	37.7548	225.4237	9.5708	129.4798	35.5598	83.7442	31.1706	18.7075	47.3204	151.1789	990.3167	42.4476
"PRRT2"	66.8366	78.2106	2.2354	14.0393	211.7696	17.339	34.8837	26.3505	42.2535	77.3215	72.0123	41.5369	95.2172	15.674	45.0042	7.9281	60.4511	54.3338	45.3817	28.9389	109.5406	39.1872	122.3055	220.5195	30.7817	12.4283	211.1787	46.0606	120.7598	39.1309	5.5572	76.5165	35.5932	150.1421	69.3642	75.925	117.6826	60.9859	1953.2313	200.6842	72.5844	30.0096	64.4983
"RAB11B"	1636.6925	2537.1056	2637.8036	2105.4954	3326.5644	3165.5559	2895.8774	3723.3202	2733.3333	1538.6607	2490.5839	3671.8588	2269.8552	1985.1948	2186.398	3483.055	1619.7087	2917.2057	1999.0363	3383.9734	2313.9828	2686.5022	3122.7741	2356.1951	1923.0026	1992.8298	2782.9552	2442.4242	2556.3094	2535.7752	1831.0041	3996.9796	4427.1186	1497.8316	2833.526	2153.7722	2401.6722	2332.3734	3271.2585	3399.6579	2484.0499	2343.1911	2878.1533
"RAB11A"	3924.0357	7361.8723	2566.2699	7095.0662	2143.8044	8290.4179	10323.9958	5413.2631	4636.1502	7122.0866	3511.548	4215.4725	10953.0496	7095.3874	5357.5147	9607.2939	4995.0832	6432.0828	6058.1782	4698.2085	6153.4578	6561.6836	6977.0384	7639.6935	11399.487	4307.8394	7571.0017	4512.1212	3507.4627	6311.9099	6413.4372	3228.7944	4311.8644	4225.5122	6086.7052	9971.6482	3511.5247	6076.91	4772.9592	4685.8609	2959.7781	2397.9761	3975.1929
"ETS1"	1218.7622	268.4047	1149.0094	938.6282	2765.0228	1271.5261	489.9577	473.8691	806.1033	380.6881	939.0027	1119.4185	626.1518	493.5065	871.8724	75.0529	1441.7175	279.4308	472.8662	201.6537	368.5008	357.0392	368.791	164.4552	319.6976	264.8184	573.7687	1339.3939	289.0095	263.4513	679.364	425.8747	1196.6102	192.6125	673.9884	351.2734	1349.6032	1050.3134	121.5986	474.3444	1604.2534	2328.1863	1329.6582
"ACACB"	1782.0421	2263.9609	1472.0285	4442.4388	1076.2536	1978.345	1617.3362	1584.9802	1446.4789	2479.4673	1574.7957	1084.6314	2126.81	571.4286	888.665	2098.8372	824.785	1280.7245	1632.621	3003.6748	975.7698	1239.4775	535.6139	1681.9286	1684.3526	703.1549	2284.4494	653.3333	991.8589	1250.3697	1716.2393	2163.6043	961.0169	876.9254	1166.474	3074.0029	2323.2392	3367.7791	1130.9524	1829.5325	1856.2182	3671.6392	673.6494
"CDK1"	701.3821	151.0887	28.5017	2579.2218	719.4364	317.2016	1109.9366	1700.4831	307.9812	889.0122	396.5415	313.6033	111.4524	1688.3117	453.4005	961.4165	500.9989	320.8279	902.5918	609.5544	222.6148	791.0015	1969.0722	152.4949	463.8855	349.9044	2608.5224	2891.5152	1522.3881	490.5016	40.2895	1468.9152	120.339	32.8997	161.8497	875.0601	90.3555	600.3727	1155.6122	273.6602	70.2728	40.4781	217.1996
"MS4A1"	2.8184	0.5925	0	4.4124	0	0.68	1.0571	0.8783	2.8169	2.2198	1.4213	3.1153	0.8776	0.8957	1.3434	0.5285	3.3124	0	17.9286	0.4593	1.5144	0	0	0	1.0801	0	0.8854	0	0	0.455	4.1679	1.0068	11.8644	3.5891	19.6532	0.4805	2.2038	10.1643	0	0	19.8798	2.7916	0
"EEF2K"	698.1611	3067.9899	428.6431	923.7866	740.9863	656.1618	1605.7082	285.4633	2244.1315	908.6201	1442.1414	1225.8567	1768.7582	327.8101	1239.2947	817.6533	1358.0796	1758.0854	1669.0385	470.3721	708.733	2004.3541	2129.3346	1779.1067	1805.8593	1935.4685	1271.4997	1029.697	791.0448	1214.4238	643.7055	819.5318	1255.9322	529.3854	673.9884	2628.0634	1868.817	2499.0683	1393.7075	1102.6226	1618.123	717.4387	826.3506
"LCK"	28.1841	8.8876	30.1783	5.2146	213.0128	16.3191	8.9852	5.7093	43.662	8.879	10.4228	66.459	3.9491	14.7783	25.5248	7.9281	37.2644	12.9366	12.8862	3.6748	5.5528	10.1597	13.1209	2.9901	4.8603	6.2141	11.0681	17.5758	5.4274	30.9407	42.605	65.9451	140.678	3.5891	71.6763	3.3638	54.2133	6.0986	3.4014	4.561	130.3745	38.0354	68.3572
"KEAP1"	1585.1558	3063.2499	2176.188	2773.3654	2554.9109	2271.4079	3019.0275	2336.8467	2765.7277	2740.6585	2147.5779	2092.9387	2230.803	1481.4151	1647.0193	3087.2093	1787.8622	2808.5382	2188.9672	2433.6243	2334.6795	2925.9797	2910.9653	2359.9327	3652.7609	2916.826	3012.7283	1807.8788	2192.673	2518.9398	2526.6599	2727.9134	2769.4915	2296.396	2542.1965	3581.9318	3267.7852	2122.9883	2834.1837	2870.5815	2965.7883	1885.7193	3261.8523
"E2F1"	359.5489	417.7159	313.5186	1035.7	936.179	531.7291	964.5877	683.3553	614.554	1695.8935	1233.2109	276.7394	581.3953	1204.6574	1004.1982	734.6723	1118.7595	558.8616	2555.3825	806.1553	197.3751	1031.9303	962.9803	344.6085	329.4181	758.1262	1430.8799	1572.1212	944.3691	541.9179	698.8141	1167.8832	691.5254	363.0926	253.1792	459.8751	426.6544	733.1865	702.381	732.041	420.712	92.1225	409.5921
"XRCC1"	725.9426	828.9142	734.3377	1186.1211	556.5686	1560.5093	1308.1395	1453.6671	1254.4601	754.347	809.6648	1086.189	877.5779	652.0376	807.3887	689.7463	1053.3398	1042.6908	947.4132	832.7974	914.1848	1560.2322	1166.3543	978.5087	1074.6591	1903.4417	2037.4101	1243.6364	1804.6133	1207.1437	425.1235	1136.1691	1220.339	363.6907	1163.0058	1470.9274	1235.4467	765.0347	1691.3265	1052.4515	947.2954	448.7481	1484.0132
"CTNNA1"	11784.5887	8494.149	13313.0841	10603.6903	7289.6809	7433.6677	10654.334	9071.1462	15256.338	4365.5198	12765.6046	18981.3084	16629.6621	11358.7103	24033.5852	6198.203	22229.4451	13724.4502	18037.8293	12422.5999	6438.1625	12760.5225	11358.0131	12163.7077	12076.1442	5814.5315	11042.8334	5615.1515	5077.3406	7483.1077	14640.3643	10802.9197	9401.6949	11931.2098	10781.5029	10046.6122	18365.9752	13341.6907	9486.3946	15687.0011	12698.5668	6810.0846	20329.6582
"NFKB1"	580.9956	362.6129	643.2441	403.5299	925.4041	730.9575	503.1712	772.9469	1068.5446	389.9371	848.5136	1061.7861	849.4954	446.4845	748.9505	579.8097	508.4518	254.8512	1340.1611	349.5636	586.0676	298.984	634.0206	577.0884	790.6035	1056.8834	312.5623	458.1818	147.8969	317.1425	772.9097	265.7941	528.8136	788.9936	519.0751	996.1557	669.5125	498.7295	281.4626	921.3227	846.9718	1609.3518	690.1874
"RAD50"	1223.5937	1496.0747	1491.0297	1294.4244	561.5416	1118.8749	1023.2558	509.8814	2253.0516	782.094	2330.4513	3245.0675	3055.2874	1742.9467	2686.8178	1082.981	1321.6434	1767.141	2017.5252	1006.8902	924.7855	1316.4006	2063.2615	2123.7152	1479.6814	868.0688	1171.0017	919.3939	347.3541	922.3069	2037.629	1943.6194	1006.7797	3581.8753	1263.5838	2224.4113	3107.349	2860.9182	903.0612	3559.8632	2432.7323	1257.9604	1826.9019
"MYC"	712.6558	316.3976	454.9093	658.2431	3859.9254	1011.7812	293.8689	566.0957	258.6854	874.2138	216.9845	205.0883	353.2251	332.7362	237.1117	2112.0507	313.8489	98.3182	269.4889	480.0184	913.68	124.8186	919.8688	419.3609	450.3848	183.0784	958.052	1207.2727	93.6228	381.7541	301.0134	963.0003	189.8305	800.3589	139.8844	360.8842	346.8771	272.4039	316.3265	675.0285	348.5899	242.1705	562.2933
"IRS1"	958.6629	1804.7697	980.7935	1395.9085	920.431	252.2653	492.6004	295.1252	812.6761	3320.0148	625.3701	684.3198	1045.6341	502.9109	202.8547	593.0233	225.2425	504.5278	616.8551	112.9995	1041.898	236.5747	1298.0319	676.5091	347.7791	34.8948	776.9784	824.2424	390.7734	1637.5839	425.5866	902.5925	123.7288	2523.1045	268.2081	847.1889	1190.0485	829.4088	960.034	435.5758	2123.902	1235.2787	292.172
"VHL"	1066.5679	70.5081	373.8751	447.2523	427.6834	520.1698	396.9345	386.4734	642.2535	616.3522	445.8131	676.5317	434.4011	538.7371	497.0613	783.2981	503.4832	247.0893	800.0628	447.864	809.1873	251.0885	448.4536	370.0243	307.2769	456.501	504.2612	806.0606	305.2917	495.5068	699.7403	837.6542	544.0678	472.5587	291.3295	571.8405	479.9862	427.5792	661.5646	410.4903	429.0337	926.459	655.4576
"CCND1"	14803.3382	1897.6211	297.3118	6586.3578	2301.6826	10988.4806	908.24	14698.6825	3473.7512	5063.263	9733.9808	5895.3167	2594.0325	10786.9951	3865.6591	2315.4598	4237.3741	2927.555	4186.7317	13894.1663	2726.6936	1817.2279	937.6757	3798.1686	1585.0358	1664.6654	2792.332	580.6061	20906.9607	7778.4097	2179.7999	2869.8314	3651.8305	1564.8273	1195.8266	2628.5824	3633.1477	5735.3888	3913.2653	6491.4481	3505.9223	542.1582	1751.0364
"CAV1"	695.7453	256.5546	2229.2793	1192.9402	3676.7509	1507.1324	508.4567	510.7598	782.1596	155.7529	1339.8081	438.2139	582.2729	1118.6744	572.9639	338.2664	1066.5894	595.0841	427.4845	244.8323	514.3867	645.8636	839.269	174.1731	1108.681	1152.4857	614.4992	1076.3636	626.8657	341.7131	556.1801	611.6285	864.4068	303.275	788.4393	590.5815	2878.1545	462.8155	353.7415	422.4629	3001.387	837.826	1043.5502
"PIK3R1"	974.7682	1625.2407	2770.8115	418.3714	2203.8956	1039.9995	1665.4334	1061.4844	4553.9906	689.9741	9909.274	3986.5005	17260.2018	865.2038	3453.9043	369.9789	3149.2542	2023.2859	3200.251	111.6215	291.7718	9955.0073	6435.8013	3724.1637	3741.8658	3635.7553	1080.6862	839.3939	343.2836	1697.1903	1206.8321	463.1261	1850.8475	7447.884	1493.6416	838.5392	4194.26	2562.7647	16079.932	2478.3352	3198.798	1385.3267	995.0386
"AR"	174.7416	78.8031	0	0	27.7663	8.8395	0	0	308.9202	10.3589	196.6126	31.1526	86.4414	0.8957	178.0017	1.0571	7.4529	5.1746	115.4152	0	1.5144	7.2569	97.4695	82.2276	3.2402	0	7.969	1.2121	2.7137	0	1.3893	5.5374	30.5085	2.9909	2.3121	2.4027	59.9432	30.493	99.4898	99.7719	135.46	12.9111	0.5513
"PRDX1"	2910.615	4548.067	10948.5614	3446.8512	7441.3593	5198.2977	4992.0719	5884.9363	3858.216	6218.276	5488.0966	4263.7591	3322.5099	2819.0775	4482.9555	97.7801	3612.9887	3711.5136	4542.6532	4698.2085	5154.4674	4271.4078	4222.1181	4969.5384	5651.9509	4359.9426	3405.8661	5066.0606	5411.1262	7411.216	5064.4342	6207.9033	5186.4407	2585.913	4648.5549	1830.37	3653.0083	5271.218	2758.5034	5715.5074	4547.8502	3083.6605	3247.5193
"NCOA3"	1598.8453	676.6405	611.9481	665.0622	1535.0186	764.9555	599.8943	613.0874	1386.8545	741.0285	1828.7339	1451.7134	1389.6446	1100.7613	1860.6213	665.9619	1534.4644	923.674	1254.4401	431.3275	738.0111	1053.701	606.8416	598.0191	542.1898	1357.0746	745.5451	1309.0909	305.2917	653.8505	616.8459	1057.1357	1206.7797	1832.8099	923.6994	487.2657	1696.0396	628.1552	1022.9592	862.0296	1246.8793	1122.2193	1323.5943
"XBP1"	2652.9316	2736.1872	3125.6855	956.6787	3585.9925	1273.9059	2801.2685	1064.5586	981.6901	3743.9882	4100.4382	1464.1745	2567.7929	793.9991	4936.356	3562.8964	3072.2411	2967.6585	4009.278	1132.7515	1581.0197	1725.6894	2571.2277	2535.6008	2852.9769	980.4015	1431.7654	2981.8182	664.8575	705.2668	2886.0236	2414.2965	2386.4407	2847.3157	1232.3699	2189.8126	3971.2361	1504.3198	1351.1905	104.333	2337.4942	4087.5861	2492.2822
"BCL2L1"	3631.3234	1555.3251	2135.9503	1317.2884	3755.9055	3446.7196	1798.0973	960.0351	2636.1502	1519.7928	3448.5372	5415.8879	3428.6968	3466.6368	4337.1956	5219.8732	3728.0942	5327.2962	2638.8624	4040.4226	4927.3094	4812.7721	1954.0769	7709.9608	2520.3186	2060.7075	1953.2928	988.4848	750.3392	3691.5027	2437.2821	3876.6675	3793.2203	2157.6193	2197.6879	2122.5372	5159.9624	2459.7662	2918.3673	9155.0741	5899.2141	1270.1736	2371.0033
"TP63"	2.0132	20.1452	0	0.8022	39.3701	0.34	3.6998	0.8783	1.8779	2.5897	1.4213	0.5192	5.2655	0	0	1.0571	1.6562	1.2937	1.1205	0	3.0288	1.4514	11.2465	1.495	4.8603	0.478	2.2136	132.7273	1.3569	23.6606	13.4298	0.5034	5.0847	1.1964	0	2.8832	1.3223	0.6776	0.8503	7.9818	3.2362	0.6979	2.2051
"GAPDH"	45122.7872	270999.0698	45653.0031	104986.3618	105804.3929	80223.435	188807.0825	145668.4234	106458.6854	106029.2268	173910.2215	77861.3707	124524.7916	80824.0036	205705.4576	93232.5581	102341.2382	182532.9884	104905.1466	167814.4235	88922.7663	122904.209	52048.7348	162029.5272	271780.7479	72369.0249	239184.062	89295.7576	90778.6839	47254.2373	83042.6432	96902.0891	88027.1186	42285.6288	127225.4335	101296.4921	118470.6554	97165.5091	235933.682	89279.9316	99021.7291	19331.4141	70254.6858
"TYMS"	254.1121	282.8973	19.152	1342.0899	1995.7397	242.1611	501.3636	676.6403	230.9812	732.0681	146.7346	200.9138	146.2484	1338.1863	783.3014	1209.2548	485.9689	237.6455	794.9195	443.8218	377.9909	213.6284	1034.6813	175.1822	491.2218	308.5373	1015.8406	4059.8909	327.3948	323.2988	79.0044	426.3932	107	27.5819	77.4913	401.3119	94.8381	290.3066	290.7228	303.6203	133.6015	222.3292	146.2514
"MSH6"	1744.5975	1479.4845	2532.1797	2758.5239	1382.097	2152.4148	1544.926	1499.7804	1038.0282	1886.7925	999.6447	947.0405	1280.3861	2439.3193	1562.3846	2295.4545	1035.9498	1191.4618	367.5358	2019.2926	1771.3276	754.717	2169.6345	1272.2856	1494.2622	1937.8585	2151.1898	3961.8182	2282.2252	994.1986	2039.4814	1068.7138	589.8305	1200.5384	593.0636	3317.6358	1068.8399	1804.5062	604.5918	1885.4048	781.7846	1168.6295	656.0088
"KIT"	142.1285	1194.4897	39.12	467.3085	20.3067	221.3271	358.351	46.1133	55.8685	23.6774	61.5895	1097.6116	174.1992	750.112	95.382	1431.2896	120.0741	664.9418	206.7389	74.8737	39.3741	75.4717	344.4236	317.6976	777.1027	302.5813	164.6929	2146.0606	13.5685	704.8117	519.1323	51.85	561.0169	64.603	93.6416	134.5507	178.948	1337.6249	125	647.0924	1435.0439	204.8329	104.1896
"CCNB1"	339.0148	407.6433	81.5931	3091.4561	697.0576	771.0752	1826.6385	1409.3105	632.8638	2081.391	649.5322	399.2731	342.2554	2052.3959	439.9664	671.2474	1141.9462	750.3234	981.5896	1149.7474	391.7214	1121.9158	2951.7338	586.0587	1251.2488	614.7228	3424.4604	3418.7879	1348.711	732.1124	327.4099	1480.9967	342.3729	86.1373	322.5434	1481.9798	370.6781	1193.2915	1019.5578	729.1904	343.9667	98.4036	266.2624
"BRAF"	248.8256	78.8031	40.7965	60.1685	65.0642	91.4547	96.723	43.0391	151.1737	82.8709	90.4892	274.6625	139.5349	81.0569	57.0949	15.3277	43.0611	73.7387	28.0134	50.0689	10.6007	49.3469	129.3346	16.4455	136.6275	32.0268	69.0647	84.8485	14.9254	46.8661	123.1839	76.5165	81.3559	85.5391	33.526	160.4998	169.2513	143.6558	23.8095	160.7754	162.7369	150.3969	130.6505
"TUBA1B"	26227.5687	23634.0216	13962.9059	29004.0072	55038.4003	14690.4336	25193.9693	22581.1462	22878.7371	22423.9549	20986.673	21414.7092	10421.018	28524.6708	30720.5374	16606.8658	23855.5798	19558.8357	26152.2472	14186.587	10937.1429	12851.0885	22638.6364	16632.5696	24784.8522	16005.2008	37766.5789	32178.5273	15064.4369	22724.2271	26272.776	20339.6728	15552.8814	5398.8216	9661.1561	8681.7107	18267.7477	10576.2629	17885.5017	18106.4994	15654.6833	8552.6337	12493.3738
"MYH11"	502.8572	82.6011	6.438	628.2792	40.2196	242.1441	869.0275	74.5323	144.5164	41.7499	227.8479	351.6407	359.2979	77.6892	8.2082	67.4841	566.3192	154.1009	49.1243	7.4093	108.6522	61.5239	515.9185	44.089	238.4447	53.4417	115.7277	139.2909	269.5522	164.9232	49.1624	225.5776	73.8983	22.9939	93.3295	1065.2523	1308.3041	4.1403	101.8878	58.2782	271.706	1473.3421	42.4972
"NF2"	663.9375	987.113	639.3321	527.8781	918.3589	573.5466	993.129	1251.2077	340.8451	1732.5194	473.7652	226.3759	589.7323	639.9463	483.6272	1295.9831	544.06	910.7374	977.1074	693.1557	1493.1853	1076.9231	644.3299	852.9247	852.1669	492.8298	1235.6392	860.6061	2544.0977	664.3158	1138.2936	919.708	847.4576	942.7247	675.1445	787.6021	727.6927	716.9236	367.3469	887.6853	623.2085	754.0783	422.2712
"DVL3"	5784.1881	1850.3925	831.0199	3048.937	1569.0012	2023.9023	1767.9704	1539.7453	2193.4272	1581.576	1675.7077	1684.839	1497.5867	2505.5979	1631.5701	872.6216	1369.673	1487.7102	1367.6143	2394.1203	1607.2691	1651.6691	3093.2521	1418.8002	1466.1806	1680.2103	2549.6403	1904.8485	2962.0081	1942.8961	1235.081	3269.0662	2869.4915	1332.137	2208.0925	2445.9395	1605.2433	2186.6847	2477.0408	2439.5667	2498.8442	1671.1158	2353.3627
"PTCH1"	252.4493	133.9061	51.9737	180.5054	426.0257	371.2584	341.9662	125.6039	238.9671	133.5553	168.1867	161.4746	432.6459	31.348	123.5936	162.7907	167.2757	97.0246	721.6252	31.695	97.4255	391.8723	315.8388	155.485	265.1546	1072.6577	293.0825	83.6364	97.6934	337.163	157.4531	59.9044	57.6271	145.9548	86.7052	578.568	73.1659	82.6698	229.5918	431.0148	155.3398	268.6906	281.6979
"NRG1"	0	0	0	0	0	2.0399	0.5285	3.0742	4.2254	0.37	37.4275	12.4611	0	0.4478	110.8312	76.1099	0.8281	6.4683	11.7656	0	0	0	0.4686	5.9802	1.6201	1127.1511	3.9845	37.5758	13.5685	0.455	12.9667	0	22.0339	0.5982	0	0.4805	34.8199	0.6776	45.068	16.5336	69.8104	15.3537	0
"KRT5"	0.8053	1.185	0	0	0	0	0.5285	0.4392	0	0	0	0.5192	0	0.4478	0	0	0.8281	0	2.2411	0	0.5048	0	0	0.7475	0	0	0	1.2121	0	195.1996	286.1943	0.5034	0	0	0	0	0	0	0	0	0.4623	0	1.6538
"ARAF"	1640.7188	1842.69	1328.9612	701.5644	2822.6274	795.5537	2337.7378	656.5657	1723.4742	1311.8757	1994.0779	2171.3396	1783.6771	1726.8249	1757.8505	1441.8605	1198.2569	1558.8616	2805.8223	1295.8199	1545.684	854.8621	1323.3365	1983.1807	1411.0976	1266.2524	812.3962	1003.0303	521.0312	1336.8217	1995.9502	1678.3287	1138.9831	1066.547	1268.2081	2561.7492	2238.1728	1779.4342	981.2925	2136.26	2495.1456	1971.5607	2110.2536
"RPS6KB1"	667.5612	703.3032	675.6577	519.0533	638.6241	697.2995	605.1797	819.9385	697.6526	469.8483	656.1649	584.6314	634.4888	1153.1572	664.9874	651.1628	527.498	640.3622	528.3328	562.701	845.0278	522.4964	590.9091	1236.4044	703.1187	684.9904	695.0747	567.2727	559.0231	500.5119	633.5174	589.479	625.4237	1006.1313	845.0867	606.4392	585.7683	668.8125	1351.1905	541.6192	550.6241	821.0765	404.6307
"MYH9"	20642.8598	12633.3876	11057.5385	9377.4569	16131.7862	7842.324	15625.2643	17204.6552	8420.1878	19212.3566	15249.0821	12244.0291	15011.4085	19705.3292	28335.8522	19729.9154	17781.7342	9293.6611	6534.9663	11093.7069	12961.6355	7635.7039	13060.9185	8388.7124	8722.5597	7481.3576	17386.1649	13689.0909	11124.8304	6853.3728	10854.0791	8954.4425	11949.1525	8125.0187	9298.2659	12355.5983	23250.4633	10785.7022	7329.932	11344.3558	12444.7527	16965.1924	23641.6759
"NOTCH3"	901.0868	804.029	523.6487	1438.4276	3686.2826	1567.6488	1737.315	847.6065	1604.6948	502.7747	1625.0148	1006.2305	1050.8995	1120.4657	1045.8438	131.0782	2698.7692	584.7348	846.565	276.5273	478.5462	1024.6734	873.0084	405.9054	582.152	447.4187	1612.839	1526.6667	691.9946	684.3363	582.1136	646.3629	737.2881	268.5808	508.6705	1967.3234	2749.8937	235.8123	302.7211	1249.7149	1874.711	1942.9469	2726.0198
"KRAS"	1052.0732	943.2677	364.3746	413.1568	966.8462	915.9067	928.1184	934.1238	653.5211	731.7795	730.0722	625.649	1583.1505	2756.3815	702.6029	1144.2918	604.5111	697.2833	703.1364	514.0101	1214.0333	1021.7707	519.2127	1083.162	960.1728	282.5048	1000.5534	1293.3333	241.5197	781.7086	998.4382	1236.8487	827.1186	957.0809	537.5723	618.4527	777.9391	853.8032	1156.4626	1088.3694	992.1405	699.2934	551.2679
"PDK1"	205.3415	1838.5424	442.6145	217.4087	416.494	90.7747	607.8224	963.5485	303.2864	1339.9926	368.1156	564.9013	254.9364	2004.9261	1716.2049	1908.0338	259.1945	569.2109	294.701	1562.2416	339.7274	79.8258	273.6645	535.9746	1181.045	687.3805	449.3636	1567.8788	278.1547	625.6399	722.4321	432.9222	188.1356	503.0656	123.6994	887.5541	157.7916	118.5838	576.5306	206.3854	273.2316	562.5055	70.011
"MAP2K1"	1127.1758	1966.4702	982.7383	1039.294	1823.0999	852.7826	2101.2104	1247.5538	1237.6244	1900.0962	1028.857	1565.3894	1811.9263	2813.0094	1298.2972	1453.1554	1149.1672	1154.8124	878.1249	1769.3156	960.2625	643.5849	1150.1312	2284.8365	2951.1003	658.0306	1293.2905	832.9576	185.2103	1096.6898	927.5472	742.5271	844.1525	1630.5309	1059.4566	2389.0918	1037.5681	1086.2816	1143.5204	1097.9247	1016.1951	983.6762	1252.806
"PRKAA1"	812.5081	803.4365	812.0188	614.1195	1292.5818	1668.283	736.7865	870.0044	1764.3192	973.7329	1685.6568	1257.0093	2219.8333	2515.0022	2109.8237	847.7801	1348.1425	1296.2484	1368.7348	541.1116	747.6022	1354.1364	1320.5248	988.974	1138.9226	757.6482	760.155	912.7273	610.5834	1050.1649	1052.6206	1090.3599	1525.4237	802.1534	1391.9075	971.6482	1423.6507	1180.4167	3187.0748	976.0547	1814.147	1593.6491	809.8126
"FOXM1"	835.8446	223.3862	27.0766	2103.1087	2137.6461	433.8624	1956.5592	977.7075	491.3709	946.2449	629.8519	384.4964	99.0171	1645.5979	772.1444	609.2072	656.3831	331.3066	1133.4502	392.9995	245.3256	283.3237	807.8444	229.0413	1078.2935	434.8614	2150.7958	2721.8182	500.1221	144.3886	165.1035	1212.7964	237.0169	20.4755	86.4971	411.9414	168.4844	424.9365	451.7092	264.4812	89.3897	68.1253	157.7619
"COL6A1"	4396.3212	5677.9736	1915.2019	1506.2174	45990.8827	5542.0177	1930.2326	6655.6873	13486.385	1962.6341	7449.4848	7578.92	636.6828	1682.0421	4327.1201	390.592	4684.5467	1521.3454	8913.3041	2799.265	1071.1762	4232.2206	4522.9616	3532.7976	4499.5275	1826.0038	1956.8345	8698.7879	3402.9851	2204.9824	1684.7487	5262.0186	7266.1017	1184.9858	8544.5087	1924.5555	11571.6795	705.404	3125	1287.3432	5645.8622	4162.9591	33562.8445
"STAT5A"	1369.3459	419.4934	1522.8845	388.2872	1194.3639	741.1569	459.8309	319.7189	1501.4085	277.0995	2188.7955	3159.9169	504.1685	230.6314	634.7607	42.8118	815.6759	733.5058	2726.8245	876.8948	1317.5164	362.8447	383.7863	662.3061	375.8607	2044.4551	169.5628	1779.3939	386.7028	594.6991	2371.5223	842.1847	855.9322	1284.2829	2200	245.555	1040.6313	649.8391	675.1701	492.0182	1928.3403	1551.7753	937.1555
"XIAP"	1371.7617	2055.3992	689.6292	718.8127	1179.8591	1111.0554	1628.4355	917.4352	1583.5681	1631.5205	1979.865	2044.6521	1977.183	998.6565	2078.9253	997.8858	1736.5201	1534.282	2365.4516	453.8356	1523.9778	1217.7068	1960.1687	1581.0129	1992.7096	1173.9962	1066.0764	876.9697	1025.7802	1366.8525	1733.837	1408.5074	2069.4915	1582.1744	1246.2428	2344.5459	2076.8551	1619.5155	1642.8571	1553.5918	1889.9676	1259.7051	1966.9239
"NDRG1"	1089.5178	8018.3676	717.572	1324.5086	7243.6801	950.5847	8789.1121	2434.3434	1450.7042	2482.057	4981.1678	1757.0093	863.0978	4875.056	7501.5953	13338.2664	991.2325	1688.2277	1559.2259	4458.8884	3123.6749	393.3237	2613.8707	13710.3345	17950.5873	7069.7897	1297.1776	7039.3939	265.943	2764.6457	1087.816	5213.189	1330.5085	2068.4911	726.0116	4279.6732	3121.4533	273.0815	6732.9932	1723.4892	2079.9815	3525.0807	2078.8313
"PGR"	125.6207	195.888	172.6867	2.8079	0.8288	256.9843	282.1512	482.5121	2.8169	607.4436	202.6152	220.9761	866.2527	1034.0349	350.1662	0	129.1832	109.9612	174.1817	786.169	395.7597	107.402	381.2324	296.767	448.9051	445.8078	542.1981	614.903	881.2076	151.9736	251.4619	185.2504	93.2203	315.8367	78.6821	650.4181	137.5167	373.9183	45.3997	785.4162	12.4827	176.8752	26.4609
"GAB2"	1579.519	221.0043	880.7581	953.4697	1170.7418	734.6973	221.4588	376.8116	383.0986	623.0115	186.1897	721.1838	342.2554	636.3636	197.4811	526.4271	308.0522	236.74	179.846	398.2545	207.9758	178.5196	350.0469	281.8165	211.6916	1328.8719	881.0183	146.0606	299.8643	190.6495	285.7312	621.6965	425.4237	83.7446	168.7861	1220.0865	468.9673	378.1128	280.6122	515.9635	425.3352	750.5889	836.8247
"YWHAB"	10627.0264	4742.4085	8153.1603	5095.4673	6159.5524	9109.7703	5153.8055	6432.5867	9969.4836	7917.4991	9626.9099	15424.1952	12979.8157	7969.0999	11613.0982	5054.9683	9192.7086	7368.6934	10626.6038	6582.9123	7898.0313	6698.1132	5756.3261	8153.9899	4716.6194	8668.738	7348.3121	7991.5152	3123.4735	5982.0271	6282.3806	5918.4495	8098.3051	6082.2491	6240.4624	3704.469	9162.0516	10440.7928	7059.5238	9450.3991	8186.7776	6449.2716	8921.1687
"PIK3R2"	1585.7235	4952.9788	1977.995	1866.5864	1992.5404	3846.1963	4970.4598	5970.5226	5076.2066	1763.3407	7119.8673	1215.6282	1565.0373	1052.8437	5859.5668	3176.5328	3839.6058	2972.4968	7492.7837	1787.7814	3545.4215	2648.4761	2249.6439	4100.3102	3717.1324	1878.5086	4774.964	3090.5758	14259.6879	1309.0661	2567.0745	3583.2268	5742.2881	1722.967	3871.0751	2976.963	4587.2757	1399.5392	5046.6327	1884.561	5088.5853	5114.7309	3238.6439
"ANXA1"	551.6036	1570.7303	3804.1375	316.085	7315.3751	394.717	2099.3658	388.6693	4617.8404	129.1158	4028.8997	861.8899	2900.3949	4403.9409	5567.0865	67.6533	5602.0785	2112.5485	1951.4136	2474.5062	360.424	1416.5457	866.9166	1240.142	1673.012	129.5411	1919.6458	578.1818	301.2212	753.9529	534.4145	316.1339	4508.4746	700.4636	3635.8382	234.0221	7143.3766	71.8279	15448.9796	2208.0958	3333.3333	634.04	871.5546
"EZH2"	326.5332	190.194	30.7371	747.6935	426.4401	66.2961	383.7209	501.0979	168.0751	305.9563	124.6003	97.6116	148.3107	319.7492	126.9521	131.0782	273.2721	107.3739	224.1072	150.6661	39.8788	158.2003	581.537	110.6335	234.9129	180.2103	423.2429	863.0303	175.0339	180.1843	66.2229	284.4198	74.5763	69.9865	73.9884	127.8232	79.3366	201.9312	81.6327	176.7389	107.7208	47.806	118.5226
"RAB25"	1.2079	0	0.5589	0	0.8288	0	2.1142	0	0.939	0.7399	0	0	0	0	0	1.0571	0	0	0	0.4593	1.5144	0	0	0	0	1.912	0	0	0	3.6401	2.7786	0.5034	0	0	0	0	0	0	1.7007	0	0	0.3489	0
"ERCC1"	812.1055	1707.4152	1104.3008	1961.797	1282.6357	1536.0307	1371.9239	1546.3329	852.1127	672.2161	706.384	758.567	928.4774	697.2682	878.5894	898.5201	849.6279	1360.9314	836.3457	1984.3822	1373.5487	1352.6851	1199.6251	1094.3749	1340.7857	1705.0191	2045.0647	1166.6667	1294.4369	1409.6235	659.1822	2448.4571	1901.6949	738.7468	1065.896	1283.037	1863.9686	1260.2202	1625.8503	923.6032	1892.7416	600.8898	1173.6494
"BAX"	558.0457	1530.4399	724.2783	769.7553	1710.3191	1048.499	1547.5687	912.1651	1008.4507	1471.3282	882.1509	1060.7477	643.7034	1194.8052	1059.2779	1163.8478	1347.3144	1536.8693	529.4533	1607.2577	1454.316	1454.2816	877.6945	940.385	2541.9198	2481.8356	1048.3675	1020.6061	1143.8263	1410.0785	975.2833	949.4085	1100	235.083	706.3584	1082.172	1367.2336	798.2382	1068.0272	859.7491	1405.4554	803.6291	1259.0959
"BID"	92.2507	105.0215	246.2378	170.4934	770.286	252.6869	122.3467	231.4229	118.108	250.4403	121.4829	216.8588	104.8311	181.3883	117.817	133.7579	225.3915	310.8668	80.7963	269.5682	198.1878	397.1843	194.8454	74.4235	107.1365	176.9407	269.1267	253.2545	238.711	221.5903	200.4518	619.6577	642.5932	38.9532	325.5954	194.8294	165.7738	185.8242	76.2245	104.8746	205.3629	122.7253	254.4432
"ARID1A"	2677.8947	1608.0581	1124.4197	1514.2399	1516.7841	1886.2103	1618.3932	2089.5916	1963.3803	1200.5179	1478.6213	1886.2928	1509.434	2100.7613	1700.084	753.1712	1200.7411	936.6106	1581.6367	951.7685	1036.8501	695.2104	1546.3918	1200.5233	1337.1135	1466.5392	1565.0249	1352.7273	428.7653	732.5674	1008.6263	1425.1196	1169.4915	1337.5206	959.5376	1900.0481	1855.1535	1618.1603	1148.8095	1712.0867	1384.1886	2014.8303	1816.9791
"TFRC"	1032.3443	2160.2726	2433.262	1523.4657	4523.4148	218.9473	7927.0613	2307.422	1696.2441	2324.4543	1491.8868	7223.2606	1037.7358	20330.4971	1296.3896	555.4968	512.5923	803.3635	2809.7442	5512.1727	560.3231	476.0522	3392.6898	317.6976	2808.6945	291.109	1600.4427	2473.9394	541.384	1730.4061	1773.6634	1550.4656	828.8136	3081.8005	1238.1503	873.6185	1081.1811	575.9783	571.4286	1793.6146	813.6847	4335.6887	1861.0805
"HSPA1A"	6617.2545	11646.0258	13846.9599	21514.7934	2539.5773	9558.5306	12769.7252	19333.9438	8022.3615	59475.7788	5824.9437	31245.3063	19592.7029	7870.8509	13136.2418	30048.4302	11324.8357	13079.586	7829.1855	12253.5324	6936.8905	9420.8999	15443.1022	10829.7739	11912.5152	9487.9015	14183.8716	112163.5879	729.9864	26690.0421	9738.945	9827.8178	7854.8475	11508.1681	8234.1272	22219.6396	9706.7853	8694.745	4566.2925	7894.7834	8584.9376	3135.7515	13373.5612
"PXN"	3133.7327	7058.421	4276.3435	3205.014	6913.6179	1662.6903	5362.5529	3094.6816	8634.7371	2897.4251	11079.8673	7033.053	3188.8767	10394.9575	13716.3728	4784.2389	8234.1528	5768.7193	9725.4182	4692.6826	1936.2645	5186.3425	2055.3749	6227.9424	7889.9419	3920.7122	1221.7333	3626.7939	3887.1099	2887.1983	9721.037	1301.1326	7619.6102	2759.4676	5070.5665	4061.211	6496.6998	3585.5531	4530.051	3330.878	4561.8262	3800.1047	7533.4068
"CCNE2"	16.0408	17.7751	5.5886	39.7112	134.1981	46.5773	76.1469	84.7563	63.0516	250.4107	92.1142	18.2191	18.4291	191.9973	122.9219	53.6892	106.1124	27.2704	298.3483	17.0648	23.7254	53.701	474.194	15.7802	65.5974	19.2878	59.7676	441.9455	69.7558	37.0015	5.5803	111.6889	16.9492	4.1932	30.3468	15.8578	17.6303	32.0447	76.5306	13.7457	10.6981	12.2795	68.0375
"PTGS2"	19.7289	3.555	3.3531	8.0225	78.3257	6.1196	38.055	317.5231	3.7559	24.7873	1.8951	167.1859	2.6327	268.249	8.7322	1.5856	8.281	14.2303	0.5603	5.5122	17.163	0	1.4058	5.2327	9.1805	0.478	19.4798	73.9394	0	12.7403	9.2619	3.5238	18.6441	8.9726	8.0925	12.494	12.3412	0.6776	7.6531	37.0582	59.1771	33.848	4.9614
"ERRFI1"	138.9075	529.1068	3961.7351	261.1312	2493.162	947.1849	791.2262	467.2815	312.6761	237.1439	1807.4144	1246.1059	2035.9807	696.8204	469.5214	412.7907	682.3522	1205.6921	584.9198	282.4989	242.3019	674.8911	1692.1275	261.6333	626.9745	10313.5755	423.2429	647.2727	81.4111	972.3581	1508.3085	392.6504	242.3729	1921.9381	804.6243	1057.6646	487.9199	321.1926	660.7143	452.1095	541.3777	6449.9695	520.9482
"SYP"	118.776	5436.8242	1651.4215	4063.3775	51.3883	244.7858	10383.7209	2029.8639	327.23	5947.8357	379.0122	19362.9283	963.5805	1613.5244	192.1075	2234.1438	6142.8261	5417.8525	472.306	3172.7147	3959.1116	6851.9594	683.224	1995.8886	10895.6393	8336.5201	5940.4538	1019.3939	42.0624	3192.3558	34867.9998	8231.0597	766.1017	1563.6309	175.7225	23609.3224	517.8915	11813.6541	156.4626	5490.3079	447.5266	50.5976	4725.4686
"PARP1"	3666.3523	1882.9803	1948.1744	3082.6314	2777.4554	1275.2658	2320.8245	2612.6482	2249.7653	2886.7925	2191.1643	2880.5815	862.6591	2741.6032	1953.9882	5528.0127	2053.6814	1235.4463	2735.7888	3506.2012	3172.1353	869.3759	1507.0291	1406.0923	1704.3337	1517.2084	1685.4455	2660	1245.5902	1353.2021	1437.9177	1420.589	1025.4237	1576.7908	1253.1792	1420.4709	2094.0447	2146.7051	1227.0408	1225.7697	1865.0023	7175.434	1841.7861
"RBM3"	2907.394	5946.3783	1394.3474	2019.2539	5227.1032	2943.5488	8087.2093	2762.8458	5799.5305	4497.9652	4118.9151	3286.0852	4225.0987	3583.5199	4261.293	1102.0085	4404.6498	5231.5653	3553.7801	971.5204	5323.574	5168.3599	7343.0178	5723.7899	3990.8195	1282.9828	2865.7443	4123.6364	2732.7001	4649.7554	5356.1857	6919.2046	7372.8814	3492.7471	3861.2717	3974.5315	5562.3751	4377.4352	3241.4966	3183.0103	8795.6542	2680.9736	11284.4542
"CASP9"	296.336	494.7415	508.0007	738.0666	336.0961	404.9165	602.537	294.686	285.9155	352.5712	413.5971	173.4164	329.5305	663.6811	265.995	1456.6596	293.9746	455.3687	390.5068	1423.978	309.9445	190.1306	278.3505	627.92	456.8651	608.9866	794.2446	587.2727	1297.1506	326.6978	386.2233	360.9363	335.5932	800.9571	441.6185	450.2643	270.6259	375.4023	552.7211	260.5473	263.0606	268.3416	263.5061
"CASP3"	645.8191	404.6808	497.9413	967.509	1111.0651	876.809	335.6237	844.5323	709.3897	212.3566	659.4812	427.3105	849.0566	594.7156	475.5668	822.4101	416.533	275.5498	741.7949	926.5044	760.7269	705.3701	942.8304	953.0929	463.3455	830.7839	873.9347	1396.9697	633.6499	683.4262	646.021	667.0023	445.7627	413.3393	809.2486	1020.6631	241.095	313.7388	500.8503	603.7628	276.9302	708.0171	336.8247
"NAPSA"	4.0263	5.925	3.912	13.2371	10.3605	5.4397	12.1564	0.8783	0.939	7.3992	1.8951	4.1537	1.7552	0.4478	3.3585	1.0571	1.6562	0	5.0424	0.9187	4.0384	4.3541	9.3721	5.9802	32.4018	34.8948	11.0681	0	2.7137	0.455	4.1679	3.5238	1.6949	0.5982	3.4682	24.5074	1.3223	10.1643	8.5034	3.4208	2.3116	7.3279	8.8203
"SYK"	66.0314	28.4402	295.0763	19.655	1006.6308	34.678	67.1247	31.1814	213.615	11.8387	47.3765	670.8204	79.4208	82.4004	119.5634	2144.8203	62.1073	148.771	36.4174	54.203	119.1318	71.1176	8.4349	25.4158	37.8021	58.3174	168.6774	38.1818	28.4939	161.9838	83.3575	82.0539	700	27.5161	250.8671	11.0524	324.3984	17.6182	45.068	69.5553	589.9214	148.6522	517.6406
"RPTOR"	1260.825	1422.5981	1847.0214	1754.4886	1223.7878	1762.4507	1253.9482	4857.6856	1341.784	1081.7573	1208.1014	976.6355	798.5959	3547.6803	948.4467	2708.7579	718.7057	805.6145	1067.8709	3051.5296	2078.6926	666.0813	604.4986	1406.0848	1233.4278	1088.5086	710.9906	968.3515	2798.6839	650.2104	1047.0171	1317.3521	581.339	1234.0362	1004.6243	938.0106	982.0104	939.1157	825.6803	904.7834	662.9681	1053.8254	1264.5976
"SETD2"	3512.1448	1283.9579	1060.71	1117.9302	1022.7932	1231.4084	1214.5877	895.9157	2045.0704	1474.2878	1138.9317	1656.2825	1256.6915	1493.9543	1626.8682	1730.9725	1130.3529	1015.5239	1057.2258	776.2977	1626.9561	879.5356	1393.627	744.5337	1376.5357	1549.7132	1490.2048	1903.0303	1131.6147	1601.638	1039.6539	1226.2774	1935.5932	1614.4758	1285.5491	1135.9923	1193.5746	741.9956	1413.2653	895.0969	1207.1197	2243.0428	1921.1687
"ANXA7"	6393.7705	2997.4819	2822.2263	4228.6402	2740.9863	3068.6616	2362.0507	3454.1063	2280.7512	3273.3999	2502.9018	2934.5794	4677.4901	1967.7564	2641.1419	3348.3087	2049.5409	2655.8862	1962.6189	2482.7745	3319.5356	3853.4107	1992.5023	1388.1517	3003.1052	2675.4302	4156.2811	1355.7576	1533.2429	4195.1996	2413.2011	3501.636	2018.6441	4893.0761	2906.3584	3847.1889	2746.8084	4501.4399	2962.585	6994.2987	3132.6861	1955.858	4360.5292
"BAD"	821.3056	1016.9575	1102.6913	1804.2519	1486.4981	1475.1062	1156.1945	982.9556	1164.2629	1106.552	1214.014	530.3894	818.4247	1030.0224	914.7137	1800.6501	1238.6432	1614.282	889.4535	1719.8852	607.0621	1664.5573	816.8463	1493.9862	1001.9441	1437.9015	1420.0553	1055.4667	1224.8168	2289.4187	1041.0478	1179.9899	1530.2881	1098.0529	1325.8844	328.4623	1135.2755	633.793	1463.3588	519.0536	1315.5617	618.2291	1090.8104
"SNAI2"	387.3304	212.7092	163.745	250.3008	3104.8487	940.7253	282.241	884.9363	913.615	543.1003	356.7452	293.8733	169.8113	61.8003	319.0596	1719.8732	282.3812	116.4295	392.7479	275.1493	245.8354	317.852	380.0375	1179.5926	1006.6154	264.3403	636.1926	1352.7273	2058.3446	262.9962	61.1289	187.264	108.4746	249.4392	277.4566	255.1658	195.2561	80.637	501.7007	301.5964	138.6963	2201.5179	146.086
"MSH2"	498.859	496.519	499.6179	990.373	477.414	363.4389	568.7104	570.4875	520.6573	687.0144	406.9643	417.9647	350.1536	1142.4093	533.3333	423.8901	543.2319	338.9392	653.2725	389.0675	637.052	323.6575	784.4424	302.7472	595.6528	319.3117	800.4427	927.8788	382.6323	120.5779	483.9369	127.8631	161.0169	325.4075	236.9942	820.7593	393.1568	462.1379	374.1497	316.9897	379.1031	407.9211	259.0959
"CASP8"	450.1408	343.0603	623.6841	929.0012	390.3854	235.9463	231.5011	309.6179	466.6667	541.2505	349.6388	460.54	254.9364	589.7895	560.8732	550.2114	523.3575	232.859	528.893	538.8149	664.8157	120.4644	269.447	459.7272	314.8373	972.2753	331.5993	392.1212	432.8358	187.0094	445.0367	210.4203	330.5085	420.5174	339.8844	338.7794	317.787	330.6793	354.5918	285.0627	194.6371	692.3144	280.5954
"PREX1"	619.6482	599.0224	2962.4993	1195.347	2309.5731	1052.5788	1590.9091	691.2604	4392.0188	777.6545	3648.4662	3640.7061	1641.9482	1453.202	3569.4374	1531.7125	5566.4703	2727.0375	3391.3024	1225.9991	1417.9707	2233.672	995.314	892.5434	1590.3875	4436.9025	1003.2097	741.8182	2172.3202	962.8029	1576.3839	1583.1865	2489.8305	1015.7021	1721.3873	808.2653	4383.7862	610.537	2130.102	924.1733	1951.9186	2337.9569	2122.9327
"RET"	23.7552	187.824	5.5886	445.2467	8.2884	16.3191	44.926	93.9833	39.4366	5.1794	13.2654	0	0.8776	1.7913	6.0453	8.4567	31.4677	5.1746	6.1629	4.5935	35.8405	50.7983	73.5708	1.495	5.9403	61.1855	373.2153	3838.1818	47.4898	2.2751	27.3228	82.5573	3.3898	0.5982	13.8728	22.1048	47.6019	315.094	7.6531	431.5849	13.8696	353.1362	14.333
"TFF1"	0.4026	1.7775	0	0.8022	0	0	0	629.3368	0	0	0	1.0384	0	2.2391	0	2.1142	0	0	0.5603	1.378	1.0096	0	0.4686	0.7475	0	254.3021	0	0.6061	0	0	2.3155	0	6.7797	0	1.1561	0	1.3223	0	0	0	0	0	3.8589
"CDKN2A"	684.8743	106.6509	106.7416	465.3028	1790.7169	771.7551	557.0825	738.2521	516.9014	322.9745	360.5354	374.8702	14.0412	660.9942	536.6919	247.8858	311.3646	367.3997	878.5003	514.0101	206.4614	410.7402	1814.9016	147.2622	172.8095	1138.1453	1612.3962	3.0303	1398.9145	14.5603	333.4302	268.8145	711.8644	140.5713	117.9191	386.3527	121.2086	186.3459	519.5578	129.4185	213.1299	110.9657	1253.032
"DIABLO"	1141.4893	1341.1998	1273.2711	967.4689	2519.2375	2337.2281	1702.6533	2334.9144	1546.9249	1037.6656	1311.6617	945.3167	1115.7043	985.9472	1575.5768	2166.5856	1889.6436	2141.0091	1435.967	2954.497	1235.1186	1513.0334	611.2605	2195.911	1716.7112	2380.3728	2036.6486	1975.103	1298.5075	1216.1438	2130.8135	859.552	1450.8475	597.6552	1235.8382	1303.8299	1123.5248	1586.224	1579.0816	1436.9384	1254.5677	907.2634	1224.57
"MACC1"	2.4158	47.9929	8.3829	1.6045	16.9913	4.0798	60.2537	38.2082	225.8216	16.2782	15.1605	351.5057	5.2655	25.5262	25.5248	1.0571	59.623	141.0091	42.5804	5.9715	499.2428	14.5138	8.9035	2.2426	7.0204	1.434	30.1051	3.6364	51.5604	118.3028	41.2157	39.7684	30.5085	2.9909	21.9653	0.4805	23.801	16.2629	8.5034	10.2623	414.7018	0.6979	6.0639
"CHGA"	25.3657	24.2927	1.1177	0	0	0.34	13.7421	3.0742	0	1.8498	0.4738	3.6345	16.2352	121.3614	0	95.666	4.9686	27.1669	0	5.9715	21.2014	0	2.343	15.698	21.6012	1.434	26.5634	2.4242	8.1411	1.82	1098.4673	10.068	0	0	3.4682	2834.2143	1.763	1.3552	0.8503	0	0	4.8853	2.7563
"IDH3A"	1077.8415	1686.2687	1950.4099	1148.8167	885.2051	1042.7194	5387.4207	1623.1884	1833.8028	3931.9275	1636.8589	1572.1703	3129.8815	3692.79	1969.4374	2447.1459	1706.7086	4993.5317	1656.7126	952.2278	1920.7471	1792.4528	1823.3365	5092.8798	3702.9837	873.805	998.3398	1443.0303	610.5834	2203.1623	4632.3643	1317.3924	1586.4407	2113.3543	5001.1561	3292.6478	2362.4668	2305.9461	1726.1905	1517.1038	2438.2802	2421.7046	1152.7012
"SQSTM1"	17867.1139	14614.8896	22466.1284	16028.9611	30102.5984	17404.3053	9499.556	11219.451	42888.5728	36350.4329	44897.1029	36201.594	10329.1049	18072.9154	32207.3216	12466.7442	24647.6135	21642.3415	19937.6086	15089.9495	21620.737	23274.5864	10525.0047	9752.2631	25486.4912	16713.9101	12682.1826	6908.7576	6097.7612	36539.9522	57616.1454	22812.2074	61332.5763	54801.4536	78811.7225	12849.2407	65914.9953	15528.3754	19146.4966	37123.8198	47312.9958	8051.6723	76101.968
"KCNJ13"	0.4026	1.185	0	3.209	0	1.0199	2.1142	0.8783	0	0.37	0.9475	0.5192	0	0	0.6717	0	0	1.2937	1.1205	3.6748	0.5048	0	0.4686	0	0.54	0.956	0.8854	0.6061	1.3569	0	2.3155	0.5034	0	0.5982	1.1561	0	0	0	1.7007	0	2.3116	1.0468	0
